GBPL,YEARFIRST,YEARLAST,X,Y,PL,GB,SA,TYPE,Y_deg,X_deg
B1,1979,,158232,217899,1,B,PB,,51.27091219,4.48671266
B10,1979,,158321,217836,10,B,PB,,51.27034465,4.487986449
B100,1979,,158307,218074,100,B,PB,,51.27248404,4.487791346
B101,1979,,158272,218074,101,B,PB,,51.27248455,4.487289828
B102,1979,,158234,218078,102,B,PB,,51.27252105,4.486745414
B103,1979,,158233,218031,103,B,PB,,51.27209862,4.48673001
B104,1979,,158280,218030,104,B,PB,,51.27208895,4.487403448
B105,1979,,158307,218026,105,B,PB,,51.27205261,4.487790238
B106,1979,,158332,218020,106,B,PB,,51.27199832,4.488148323
B107,1979,,158328,217991,107,B,PB,,51.27173772,4.488090336
B108,1979,,158305,217988,108,B,PB,,51.27171109,4.487760703
B109,1979,,158275,217986,109,B,PB,,51.27169355,4.487330791
B11,1979,,158328,217869,11,B,PB,,51.27064116,4.488087512
B110,1979,,158234,217982,110,B,PB,,51.27165818,4.486743217
B111,1979,,158235,217957,111,B,PB,,51.27143346,4.486756974
B112,1979,,158278,217954,112,B,PB,,51.27140588,4.487373042
B113,1979,,158307,217956,113,B,PB,,51.27142344,4.487788622
B114,1979,,158329,217958,114,B,PB,,51.27144109,4.488103901
B115,1979,,158330,217926,115,B,PB,,51.27115346,4.488117489
B116,1979,,158298,217924,116,B,PB,,51.27113595,4.487658925
B117,1979,,158273,217928,117,B,PB,,51.27117226,4.4873008
B118,1979,,158235,217932,118,B,PB,,51.27120876,4.486756401
B12,1979,,158330,217903,12,B,PB,,51.27094673,4.488116956
B13,1979,,158346,217907,13,B,PB,,51.27098245,4.488346307
B14,1979,,158350,217881,14,B,PB,,51.2707487,4.488403018
B15,1979,,158348,217856,15,B,PB,,51.27052402,4.488373781
B16,1979,,158348,217825,16,B,PB,,51.27024539,4.488373062
B17,1979,,158370,217817,17,B,PB,,51.27017316,4.4886881
B18,1979,,158373,217848,18,B,PB,,51.27045175,4.488731807
B19,1979,,158389,217875,19,B,PB,,51.2706942,4.488961692
B2,1979,,158237,217881,2,B,PB,,51.27075033,4.486783891
B20,1979,,158385,217907,20,B,PB,,51.27098188,4.488905124
B21,1979,,158423,217912,21,B,PB,,51.27102627,4.489449729
B22,1979,,158410,217875,22,B,PB,,51.27069389,4.489262591
B23,1979,,158408,217844,23,B,PB,,51.27041529,4.48923321
B24,1979,,158402,217807,24,B,PB,,51.27008281,4.489146375
B25,1979,,158430,217793,25,B,PB,,51.26995657,4.489547241
B26,1979,,158438,217843,26,B,PB,,51.27040586,4.48966304
B27,1979,,158442,217888,27,B,PB,,51.27081027,4.48972141
B28,1979,,158447,217913,28,B,PB,,51.2710349,4.489793639
B29,1979,,158447,217932,29,B,PB,,51.27120568,4.489794085
B3,1979,,158242,217865,3,B,PB,,51.27060645,4.486855167
B30,1979,,158413,217931,30,B,PB,,51.27119719,4.489306886
B31,1979,,158387,217930,31,B,PB,,51.27118858,4.488934317
B32,1979,,158352,217930,32,B,PB,,51.27118909,4.488432813
B33,1979,,158352,217956,33,B,PB,,51.27142278,4.488433416
B34,1979,,158386,217956,34,B,PB,,51.27142229,4.488920594
B35,1979,,158405,217955,35,B,PB,,51.27141302,4.489192817
B36,1979,,158448,217961,36,B,PB,,51.27146632,4.489809095
B37,1979,,158444,217999,37,B,PB,,51.27180793,4.489752672
B38,1979,,158418,218000,38,B,PB,,51.2718173,4.489380144
B39,1979,,158389,217998,39,B,PB,,51.27179975,4.48896456
B4,1979,,158260,217856,4,B,PB,,51.2705253,4.487112874
B40,1979,,158353,217995,40,B,PB,,51.27177331,4.488448651
B41,1979,,158359,218042,41,B,PB,,51.27219567,4.488535716
B42,1979,,158391,218040,42,B,PB,,51.27217722,4.488994197
B43,1979,,158420,218037,43,B,PB,,51.27214983,4.489409668
B44,1979,,158449,218028,44,B,PB,,51.27206851,4.489824997
B45,1979,,158447,218077,45,B,PB,,51.27250896,4.48979749
B46,1979,,158424,218078,46,B,PB,,51.27251829,4.489467944
B47,1979,,158389,218078,47,B,PB,,51.2725188,4.488966425
B48,1979,,158364,218078,48,B,PB,,51.27251917,4.488608198
B49,1979,,158364,218105,49,B,PB,,51.27276185,4.488608825
B5,1979,,158271,217878,5,B,PB,,51.27072288,4.487270993
B50,1979,,158398,218108,50,B,PB,,51.27278831,4.489096087
B51,1979,,158430,218111,51,B,PB,,51.27281481,4.489554691
B52,1979,,158460,218112,52,B,PB,,51.27282336,4.489984591
B53,1979,,158465,218150,53,B,PB,,51.27316483,4.490057131
B54,1979,,158433,218144,54,B,PB,,51.27311138,4.489598452
B55,1979,,158410,218142,55,B,PB,,51.27309374,4.489268832
B56,1979,,158360,218156,56,B,PB,,51.2732203,4.488552693
B57,1979,,158362,218190,57,B,PB,,51.27352587,4.488582142
B58,1979,,158403,218206,58,B,PB,,51.27366908,4.489170022
B59,1979,,158427,218215,59,B,PB,,51.27374962,4.48951414
B6,1979,,158265,217906,6,B,PB,,51.27097464,4.487185665
B60,1979,,158471,218219,60,B,PB,,51.27378493,4.490144731
B61,1979,,158472,218266,61,B,PB,,51.27420736,4.490160167
B62,1979,,158477,218297,62,B,PB,,51.27448592,4.490232546
B63,1979,,158480,218328,63,B,PB,,51.2747645,4.490276265
B64,1979,,158456,218330,64,B,PB,,51.27478284,4.489932397
B65,1979,,158442,218258,65,B,PB,,51.27413589,4.489730091
B66,1979,,158405,218245,66,B,PB,,51.27401959,4.489199592
B67,1979,,158363,218241,67,B,PB,,51.27398425,4.488597657
B68,1979,,158371,218287,68,B,PB,,51.27439759,4.488713364
B69,1979,,158409,218290,69,B,PB,,51.274424,4.489257962
B7,1979,,158293,217903,7,B,PB,,51.27094727,4.487586797
B70,1979,,158432,218294,70,B,PB,,51.27445962,4.489587638
B71,1979,,158432,218324,71,B,PB,,51.27472926,4.489588341
B72,1979,,158415,218326,72,B,PB,,51.27474749,4.489344782
B73,1979,,158378,218313,73,B,PB,,51.27463118,4.488814277
B74,1979,,158346,218308,74,B,PB,,51.27458671,4.488355609
B75,1979,,158318,218297,75,B,PB,,51.27448825,4.487954122
B76,1979,,158290,218295,76,B,PB,,51.27447067,4.487552844
B77,1979,,158266,218282,77,B,PB,,51.27435417,4.487208632
B78,1979,,158235,218285,78,B,PB,,51.27438159,4.486764481
B79,1979,,158231,218242,79,B,PB,,51.27399515,4.486706179
B8,1979,,158304,217871,8,B,PB,,51.27065949,4.487743674
B80,1979,,158278,218241,80,B,PB,,51.27398549,4.487379645
B81,1979,,158312,218254,81,B,PB,,51.27410184,4.48786715
B82,1979,,158344,218243,82,B,PB,,51.27400251,4.488325442
B83,1979,,158342,218210,83,B,PB,,51.27370593,4.488296018
B84,1979,,158311,218205,84,B,PB,,51.27366144,4.487851689
B85,1979,,158273,218206,85,B,PB,,51.27367097,4.487307192
B86,1979,,158235,218197,86,B,PB,,51.27359063,4.486762467
B87,1979,,158229,218158,87,B,PB,,51.27324017,4.486675598
B88,1979,,158272,218156,88,B,PB,,51.27322158,4.487291713
B89,1979,,158304,218163,89,B,PB,,51.27328403,4.487750413
B9,1979,,158295,217850,9,B,PB,,51.27047086,4.487614233
B90,1979,,158339,218170,90,B,PB,,51.27334644,4.488252102
B91,1979,,158342,218146,91,B,PB,,51.27313068,4.488294534
B92,1979,,158299,218138,92,B,PB,,51.2730594,4.48767819
B93,1979,,158265,218129,93,B,PB,,51.272979,4.487190788
B94,1979,,158231,218135,94,B,PB,,51.27303342,4.486703731
B95,1979,,158235,218101,95,B,PB,,51.27272776,4.48676027
B96,1979,,158275,218101,96,B,PB,,51.27272719,4.487333436
B97,1979,,158303,218106,97,B,PB,,51.27277172,4.487734768
B98,1979,,158333,218112,98,B,PB,,51.27282522,4.488164783
B99,1979,,158335,218073,99,B,PB,,51.27247465,4.488192538
BN1,2000,2006,160491,204196,1,BN,FR,pc,99.9999999,99.9999999
BN10,2000,2006,160413,204163,10,BN,FR,pm,,
BN11,2000,2006,160418,204191,11,BN,FR,pc,,
BN12,2000,2006,160454,204186,12,BN,FR,pm,,
BN2,2000,2006,160455,204208,2,BN,FR,pm,,
BN3,2000,2006,160400,204222,3,BN,FR,pm,,
BN4,2000,2006,160350,204214,4,BN,FR,pm,,
BN5,2000,2006,160355,204163,5,BN,FR,pm,,
BN6,2000,2006,160345,204098,6,BN,FR,pc,,
BN7,2000,2006,160352,204064,7,BN,FR,pm,,
BN8,2000,2006,160382,204061,8,BN,FR,pc,,
BN9,2000,2006,160404,204093,9,BN,FR,pm,,
BOSHBP_1,2014,,158699.065,201933.45,BOSHBP_1,BOSHBP,SP,pm,51.1274,4.49302
BOSHBP_10,2014,,158469.394,201966.445,BOSHBP_10,BOSHBP,SP,pm,51.1277,4.48974
BOSHBP_11,2014,,158494.578,201977.611,BOSHBP_11,BOSHBP,SP,pm,51.1278,4.4901
BOSHBP_12,2014,,158505.06,201988.753,BOSHBP_12,BOSHBP,SP,pm,51.1279,4.49025
BOSHBP_13,2014,,158537.925,202011.058,BOSHBP_13,BOSHBP,SP,pm,51.1281,4.49072
BOSHBP_14,2014,,158613.53,202011.183,BOSHBP_14,BOSHBP,SP,pm,51.1281,4.4918
BOSHBP_15,2014,,158677.233,202011.289,BOSHBP_15,BOSHBP,SP,pm,51.1281,4.49271
BOSHBP_16,2014,,158560.437,201944.344,BOSHBP_16,BOSHBP,SP,pm,51.1275,4.49104
BOSHBP_2,2014,,158664.063,201933.391,BOSHBP_2,BOSHBP,SP,pm,51.1274,4.49252
BOSHBP_3,2014,,158633.998,201911.091,BOSHBP_3,BOSHBP,SP,pm,51.1272,4.49209
BOSHBP_4,2014,,158598.332,201888.781,BOSHBP_4,BOSHBP,SP,pm,51.127,4.49158
BOSHBP_5,2014,,158574.512,201899.867,BOSHBP_5,BOSHBP,SP,pm,51.1271,4.49124
BOSHBP_6,2014,,158545.146,201877.568,BOSHBP_6,BOSHBP,SP,pm,51.1269,4.49082
BOSHBP_7,2014,,158509.425,201888.634,BOSHBP_7,BOSHBP,SP,pm,51.127,4.49031
BOSHBP_8,2014,,158489.105,201899.726,BOSHBP_8,BOSHBP,SP,pm,51.1271,4.49002
BOSHBP_9,2014,,158480.65,201933.088,BOSHBP_9,BOSHBP,SP,pm,51.1274,4.4899
BW1,2000,,159836,203443,1,BW,FR,pm,51.14095055,4.509301669
BW10,2000,,159862,203611,10,BW,FR,pm,51.14246019,4.509677751
BW11,2000,,159847,203632,11,BW,FR,pc,51.14264921,4.509463983
BW12,2000,,159820,203655,12,BW,FR,pm,51.14285641,4.509078795
BW12BIS,2007,,159806,203662,12BIS,BW,FR,,51.14291956,4.508878933
BW12TRI,,,159810,203638,12TRI,BW,FR,,,
BW13,2000,,159784,203672,13,BW,FR,pc,51.14300982,4.508564837
BW13BIS,2007,,159771,203659,13BIS,BW,FR,,51.14289319,4.508378724
BW14,2000,,159739,203698,14,BW,FR,pm,51.14324429,4.507922512
BW14BIS,2007,,159739,203675,14BIS,BW,FR,,51.14303755,4.507921894
BW15,2000,,159830,203581,15,BW,FR,pm,51.14219108,4.509219681
BW16,2000,,159836,203516,16,BW,FR,pm,51.14160672,4.509303651
BW17,2000,,159821,203493,17,BW,FR,pc,51.14140023,4.509088692
BW18,2000,,159811,203465,18,BW,FR,pm,51.14114872,4.508945045
BW2,2000,,159854,203460,2,BW,FR,pm,51.14110305,4.509559329
BW3,2000,,159868,203480,3,BW,FR,pc,51.14128258,4.509759918
BW4,2000,,159895,203517,4,BW,FR,pm,51.14161469,4.510146728
BW5,2000,,159906,203546,5,BW,FR,pm,51.14187518,4.5103047
BW6,2000,,159937.5,203519.5,6,BW,FR,pc,51.14187548,4.510747664
BW7,2000,,159981,203503.7,7,BW,FR,pm,51.14148738,4.511375183
BW8,2000,,159866,203549,8,BW,FR,pm,51.14190283,4.509733219
BW9,2000,,159864,203573,9,BW,FR,pc,51.14211859,4.509705294
BWF1,,,159916.4743,203612.0921,F1,BW,FR,,51.14211854,4.510448332
BWF2,,,159866.8349,203510.557,F2,BW,FR,,51.14212023,4.509733878
BWF_M1,2012,,159876,203574,F_M1,BW,FR,FPT,,
C1,1979,,157344,215210,1,C,PB,,51.24675491,4.473933932
C10,1979,,157248,215144,10,C,PB,,51.2461629,4.472557767
C100,1979,,157250,215221,100,C,PB,,51.24685497,4.472587961
C11,1979,,157209,215142,11,C,PB,,51.24614542,4.471999208
C12,1979,,157166,215115,12,C,PB,,51.24590327,4.471382866
C13,1979,,157095,215106,13,C,PB,,51.24582326,4.470365902
C14,1979,,157023,215104,14,C,PB,,51.24580617,4.469334758
C15,1979,,157042,215106,15,C,PB,,51.24582391,4.469606894
C16,1979,,157058,215135,16,C,PB,,51.24608438,4.469836598
C17,1979,,157087,215156,17,C,PB,,51.24627277,4.47025232
C18,1979,,157117,215184,18,C,PB,,51.24652407,4.470682506
C19,1979,,157153,215200,19,C,PB,,51.24666744,4.471198385
C2,1979,,157388,215183,2,C,PB,,51.24651166,4.47456351
C20,1979,,157155,215245,20,C,PB,,51.24707188,4.471227922
C21,1979,,157136,215311,21,C,PB,,51.24766535,4.470957127
C22,1979,,157108,215281,22,C,PB,,51.24739605,4.470555533
C23,1979,,157107,215251,23,C,PB,,51.24712641,4.470540619
C24,1979,,157067,215262,24,C,PB,,51.24722578,4.469967983
C25,1979,,157025,215235,25,C,PB,,51.24698361,4.469365959
C26,1979,,157020,215193,26,C,PB,,51.24660616,4.469293532
C27,1979,,156993,215180,27,C,PB,,51.24648965,4.468906608
C28,1979,,156980,215223,28,C,PB,,51.2468763,4.468721269
C29,1979,,156970,215261,29,C,PB,,51.24721798,4.468578793
C3,1979,,157411,215160,3,C,PB,,51.24630463,4.474892422
C30,1979,,156958,215303,30,C,PB,,51.24759563,4.46840775
C31,1979,,156937,215328,31,C,PB,,51.24782059,4.468107481
C32,1979,,156965,215331,32,C,PB,,51.24784722,4.468508542
C33,1979,,156934,215362,33,C,PB,,51.24812623,4.468065172
C34,1979,,156951,215368,34,C,PB,,51.24817995,4.468308756
C35,1979,,156984,215351,35,C,PB,,51.24802675,4.46878104
C36,1979,,156972,215387,36,C,PB,,51.24835048,4.468609879
C37,1979,,157009,215381,37,C,PB,,51.24829609,4.469139664
C38,1979,,157052,215342,38,C,PB,,51.24794502,4.469754731
C39,1979,,157006,215355,39,C,PB,,51.24806244,4.469096193
C4,1979,,157368,215140,4,C,PB,,51.24612542,4.474276207
C40,1979,,157033,215329,40,C,PB,,51.24782841,4.469482367
C41,1979,,157013,215319,41,C,PB,,51.24773877,4.469195742
C42,1979,,156995,215302,42,C,PB,,51.24758619,4.468937624
C43,1979,,157004,215254,43,C,PB,,51.24715464,4.469065582
C44,1979,,157044,215288,44,C,PB,,51.24745976,4.469639101
C45,1979,,157066,215279,45,C,PB,,51.24737859,4.469953995
C46,1979,,157075,215326,46,C,PB,,51.24780093,4.470083812
C47,1979,,157122,215331,47,C,PB,,51.24784529,4.470757023
C48,1979,,157180,215325,48,C,PB,,51.24779063,4.471587552
C49,1979,,157192,215354,49,C,PB,,51.24805114,4.47175999
C5,1979,,157338,215143,5,C,PB,,51.24615277,4.473846638
C50,1979,,157238,215355,50,C,PB,,51.24805955,4.472418804
C51,1979,,157262,215329,51,C,PB,,51.24782555,4.472761997
C52,1979,,157259,215294,52,C,PB,,51.247511,4.472718326
C53,1979,,157285,215301,53,C,PB,,51.24757359,4.473090825
C54,1979,,157307,215270,54,C,PB,,51.24729467,4.473405267
C55,1979,,157328,215246,55,C,PB,,51.24707869,4.473705527
C56,1979,,157357,215259,56,C,PB,,51.24719516,4.47412111
C57,1979,,157373,215274,57,C,PB,,51.24732978,4.474350559
C58,1979,,157373,215338,58,C,PB,,51.24790503,4.474351871
C59,1979,,157400,215395,59,C,PB,,51.24841702,4.474739725
C6,1979,,157311,215164,6,C,PB,,51.24634187,4.473460398
C60,1979,,157424,215423,60,C,PB,,51.24866838,4.475084024
C61,1979,,157385,215473,61,C,PB,,51.2491183,4.474526501
C62,1979,,157423,215486,62,C,PB,,51.24923465,4.475071003
C63,1979,,157440,215467,63,C,PB,,51.24906365,4.475314083
C64,1979,,157473,215435,64,C,PB,,51.2487756,4.475786041
C65,1979,,157500,215465,65,C,PB,,51.2490449,4.476173356
C66,1979,,157551,215470,66,C,PB,,51.24908917,4.476903878
C67,1979,,157615,215462,67,C,PB,,51.24901642,4.477820311
C68,1979,,157571,215452,68,C,PB,,51.24892712,4.477189937
C69,1979,,157564,215432,69,C,PB,,51.24874744,4.477089263
C7,1979,,157299,215131,7,C,PB,,51.24604541,4.473287875
C70,1979,,157582,215425,70,C,PB,,51.24868429,4.477346908
C71,1979,,157601,215434,71,C,PB,,51.24876493,4.477619212
C72,1979,,157681,215465,72,C,PB,,51.2490425,4.478765619
C73,1979,,157713,215469,73,C,PB,,51.24907802,4.479224006
C74,1979,,157717,215433,74,C,PB,,51.24875439,4.479280521
C75,1979,,157717,215408,75,C,PB,,51.24852969,4.479279985
C76,1979,,157688,215374,76,C,PB,,51.24822447,4.478863928
C77,1979,,157669,215342,77,C,PB,,51.2479371,4.478591134
C78,1979,,157645,215360,78,C,PB,,51.24809921,4.4782478
C79,1979,,157690,215404,79,C,PB,,51.2484941,4.478893213
C8,1979,,157276,215191,8,C,PB,,51.24658499,4.472959706
C80,1979,,157641,215408,80,C,PB,,51.2485307,4.478191533
C81,1979,,157616,215384,81,C,PB,,51.24831532,4.477832981
C82,1979,,157587,215360,82,C,PB,,51.24809998,4.477417146
C83,1979,,157603,215334,83,C,PB,,51.24786608,4.477645742
C84,1979,,157576,215316,84,C,PB,,51.24770464,4.477258682
C85,1979,,157537,215320,85,C,PB,,51.24774111,4.476700228
C86,1979,,157498,215311,86,C,PB,,51.24766073,4.476141502
C87,1979,,157512,215290,87,C,PB,,51.24747179,4.476341564
C88,1979,,157531,215273,88,C,PB,,51.24731874,4.476613315
C89,1979,,157508,215229,89,C,PB,,51.24692356,4.476283005
C9,1979,,157240,215189,9,C,PB,,51.24656747,4.472444105
C90,1979,,157488,215196,90,C,PB,,51.24662721,4.475995893
C91,1979,,157462,215178,91,C,PB,,51.24646576,4.475623169
C92,1979,,157430,215163,92,C,PB,,51.24633135,4.475164584
C93,1979,,157377,215233,93,C,PB,,51.24696121,4.474407003
C94,1979,,157418,215248,94,C,PB,,51.24709551,4.474994484
C95,1979,,157475,215272,95,C,PB,,51.24731049,4.475811297
C96,1979,,157450,215288,96,C,PB,,51.24745462,4.475453594
C97,1979,,157448,215335,97,C,PB,,51.2478771,4.475425925
C98,1979,,157441,215391,98,C,PB,,51.24838053,4.475326833
C99,1979,,157451,215406,99,C,PB,,51.24851523,4.47547036
DN1,1993,,159631,203285,1,DN,FR,pm,51.1395338,4.506368267
DN10,1993,1998,159544,203599,10,DN,FR,pm,51.14235768,4.505133453
DN11,1993,1997,159539,203635,11,DN,FR,pc,51.14268135,4.505062955
DN12,1993,1997,159529,203672,12,DN,FR,pm,51.14301409,4.504921035
DN2,1993,,159627,203316,2,DN,FR,pc,51.13981252,4.506311937
DN3,1993,,159615,203344,3,DN,FR,pm,51.1400644,4.506141219
DN4,1993,,159611,203374,4,DN,FR,pm,51.14033412,4.506084861
DN5,1993,,159599,203402,5,DN,FR,pc,51.140586,4.50591414
DN6,1993,,159593,203439,6,DN,FR,pm,51.14091868,4.505829387
DN7,1993,,159581,203466,7,DN,FR,pm,51.14116158,4.505658636
DN8,1993,,159577,203497,8,DN,FR,pc,51.14144029,4.5056023
DN9,1993,,159563,203548,9,DN,FR,pm,51.14189894,4.505403602
EB1,2000,,159758.2,200643.234,1,EB,FR,pm,51.1163,4.50684
EB10,2000,,159754.447,200563.481,10,EB,FR,pm,51.1156,4.50673
EB11,2000,,159782.595,200548.469,11,EB,FR,pm,51.1155,4.50719
EB12,2000,,159804.175,200571.926,12,EB,FR,pm,51.1158,4.50751
EB13,2000,,159778.842,200594.444,13,EB,FR,pm,51.1158,4.50708
EB14,2000,,159823.878,200599.135,14,EB,FR,pm,51.1159,4.50785
EB15,2000,,159800.422,200621.654,15,EB,FR,pm,51.1161,4.50736
EB16,2000,,159838.89,200621.654,16,EB,FR,pm,51.1159,4.50824
EB17,2000,,159821.063,200646.048,17,EB,FR,pm,51.1163,4.50774
EB18,2000,,159862.347,200654.493,18,EB,FR,pm,51.1164,4.50833
EB19,2000,,159871.73,200605.703,19,EB,FR,pm,51.1161,4.50859
EB2,2000,,159747.879,200618.839,2,EB,FR,pm,51.1161,4.50658
EB20,2000,,159861.409,200693.9,20,EB,FR,pm,51.1168,4.50832
EB21,2000,,159901.754,200630.098,21,EB,FR,pm,51.1162,4.50887
EB22,2000,,159926.149,200644.172,22,EB,FR,pm,51.1163,4.50924
EB23,2000,,159913.013,200679.826,23,EB,FR,pm,51.1166,4.50905
EB24,2000,,159888.618,200677.949,24,EB,FR,pm,51.1166,4.5087
EB25,2000,,159890.495,200712.665,25,EB,FR,pm,51.1169,4.50873
EB3,2000,,159736.62,200600.074,3,EB,FR,pm,51.1159,4.50643
EB4,2000,,159723.484,200574.741,4,EB,FR,pm,51.1159,4.50624
EB5,2000,,159691.584,200563.481,5,EB,FR,pm,51.1163,4.50599
EB6,2000,,159680.324,200578.494,6,EB,FR,pm,51.1164,4.50605
EB7,2000,,159708.472,200549.408,7,EB,FR,pm,51.1157,4.5062
EB8,2000,,159734.744,200525.013,8,EB,FR,pm,51.1155,4.50608
EB9,2000,,159761.953,200525.013,9,EB,FR,pm,51.1153,4.50689
HM1,1993,,159886.771,202648.733,1,HM,FR,pm,51.14191523,4.510019039
HM2,1993,,159867,202655,2,HM,FR,pc,51.13386698,4.509723162
HM3,1993,,159862,202673,3,HM,FR,pm,51.13402886,4.509652219
HM4,1993,,159854,202705,4,HM,FR,pc,51.13431663,4.509538796
HM5,1993,,159869,202729,5,HM,FR,pm,51.1345321,4.509753751
HM6,1993,,159817,202713,6,HM,FR,pm,51.13438917,4.509010403
HMCB2,,,159866,202710,CB2,HM,FR,cb,51.13436137,4.509710373
HN1,1993,,159762,202812,1,HN,FR,pm,51.13527998,4.508227297
HN10,1993,,159673,202784,10,HN,FR,pm,51.1350298,4.506955003
HN11,1993,,159702,202795,11,HN,FR,pm,51.13512818,4.507369619
HN12,1993,,159720,202796,12,HN,FR,pc,51.13513687,4.507626812
HN13,1993,,159739,202800,13,HN,FR,pm,51.1351725,4.507898373
HN14,1993,,159786,202824,14,HN,FR,pm,51.13538744,4.508570511
HN15,1993,,159806,202834,15,HN,FR,pc,51.13547698,4.508856523
HN16,1993,,159840,202851,16,HN,FR,pm,51.13562921,4.509342746
HN17,1993,,159872,202868,17,HN,FR,pm,51.13578147,4.509800398
HN18,1993,,159870,202907,18,HN,FR,pm,51.13613206,4.509772886
HN19,1993,,159862,202947,19,HN,FR,pc,51.13649174,4.509659676
HN2,1993,,159749,202841,2,HN,FR,pc,51.13554087,4.508042346
HN20,1993,,159862,202979,20,HN,FR,pm,51.13677938,4.509660547
HN21,1993,,159813,202963,21,HN,FR,pm,51.1366364,4.508960026
HN22,1993,,159788,202941,22,HN,FR,pc,51.13643907,4.508602245
HN23,1993,,159756,202929,23,HN,FR,pm,51.13633175,4.508144725
HN3,1993,,159743,202873,3,HN,FR,pm,51.13582861,4.507957484
HN4,1993,,159731,202914,4,HN,FR,pm,51.13619734,4.507787138
HN5,1993,,159710,202895,5,HN,FR,pc,51.13602691,4.507486595
HN6,1993,,159691,202881,6,HN,FR,pm,51.13590139,4.507214762
HN7,1993,,159664,202872,7,HN,FR,pc,51.13582095,4.506828767
HN8,1993,,159629,202847,8,HN,FR,pm,51.13559682,4.50632805
HN9,1993,,159649,202812,9,HN,FR,pc,51.13528188,4.506612861
K1,1997,,158383.316,217779.0077,1,K,PB,,51.248503,4.488818213
K10,1997,,158130.5039,217916.0418,10,K,PB,,51.24850728,4.48519482
K100,1997,,157876.8406,217957.6671,100,K,PB,,51.24851147,4.481557103
K101,1997,,157843.6424,217958.8967,101,K,PB,,51.24851256,4.481084487
K102,1997,,157838.1094,217992.7096,102,K,PB,,51.24851327,4.48101288
K103,1997,,157833.4985,218024.6782,103,K,PB,,51.24851398,4.480941273
K104,1997,,157805.8334,218021.6043,104,K,PB,,51.248515,4.480540266
K105,1997,,157808.9073,217988.0988,105,K,PB,,51.2485156,4.480583232
K106,1997,,157812.9034,217961.6632,106,K,PB,,51.24851618,4.480640521
K107,1997,,157781.8569,217963.2001,107,K,PB,,51.24851724,4.480196549
K108,1997,,157771.713,217996.7057,108,K,PB,,51.24851802,4.480053333
K109,1997,,157755.9149,217961.6439,109,K,PB,,51.24851887,4.479824186
K11,1997,,158171.2071,217920.1121,11,K,PB,,51.24851373,4.485782028
K110,1997,,157762.3187,217934.0505,110,K,PB,,51.24852006,4.479924442
K111,1997,,157794.8304,217928.9363,111,K,PB,,51.24852026,4.480382739
K112,1997,,157821.4972,217940.2606,112,K,PB,,51.24852053,4.480769427
K113,1997,,157834.648,217921.9957,113,K,PB,,51.24852099,4.480955611
K114,1997,,157867.525,217944.6442,114,K,PB,,51.24852118,4.48142823
K115,1997,,157900.0366,217915.7856,115,K,PB,,51.24852137,4.481900849
K116,1997,,157945.6991,217938.7994,116,K,PB,,51.24852139,4.482545329
K117,1997,,157981.8637,217904.096,117,K,PB,,51.24852153,4.483060913
K118,1997,,158023.0475,217932.9562,118,K,PB,,51.24852158,4.483662427
K119,1997,,158046.9267,217901.4791,119,K,PB,,51.2485219,4.483991829
K12,1997,,158206.4832,217925.087,12,K,PB,,51.24852028,4.486283306
K120,1997,,158076.9566,217931.509,120,K,PB,,51.24852275,4.484435805
K121,1997,,158087.0871,217898.5847,121,K,PB,,51.24852325,4.484579024
K122,1997,,158099.7504,217929.3382,122,K,PB,,51.24852372,4.484750886
K123,1997,,158109.5191,217894.243,123,K,PB,,51.24852422,4.484894105
K13,1997,,158206.9354,217950.4134,13,K,PB,,51.24852348,4.486283314
K14,1997,,158204.6742,217974.3831,14,K,PB,,51.24852415,4.486254672
K15,1997,,158165.78,217969.4082,15,K,PB,,51.24852535,4.485696127
K16,1997,,158166.6845,217940.0115,16,K,PB,,51.24852598,4.48571045
K17,1997,,158126.4336,217931.8708,17,K,PB,,51.24852719,4.485137583
K18,1997,,158131.4084,217971.6695,18,K,PB,,51.24852776,4.485209193
K19,1997,,158127.7903,218003.3275,19,K,PB,,51.24852846,4.485151908
K2,1997,,158342.1605,217788.9574,2,K,PB,,51.24852601,4.48823108
K20,1997,,158165.78,218005.5888,20,K,PB,,51.2485292,4.485696136
K21,1997,,158206.0309,218012.825,21,K,PB,,51.24852926,4.486283329
K22,1997,,158206.9354,218065.2869,22,K,PB,,51.2485299,4.486283331
K23,1997,,158162.6142,218063.4778,23,K,PB,,51.24853117,4.485653176
K24,1997,,158130.0516,218063.0256,24,K,PB,,51.24853227,4.485194882
K25,1997,,158123.72,218035.8901,25,K,PB,,51.24853301,4.485094632
K26,1997,,158113.7704,218087.4475,26,K,PB,,51.24853379,4.484951416
K27,1997,,158146.3329,218088.352,27,K,PB,,51.24853397,4.485424035
K28,1997,,158182.9658,218091.0656,28,K,PB,,51.24853408,4.485953941
K29,1997,,158211.0058,218093.3268,29,K,PB,,51.24853432,4.486354951
K3,1997,,158308.6934,217805.6909,3,K,PB,,51.24853357,4.48774416
K30,1997,,158209.649,218127.6984,30,K,PB,,51.24853564,4.48632631
K31,1997,,158179.8,218129.5075,31,K,PB,,51.24853671,4.48589666
K32,1997,,158140.4536,218126.3417,32,K,PB,,51.2485379,4.485338114
K33,1997,,158111.5091,218120.9146,33,K,PB,,51.24853896,4.484922786
K34,1997,,158110.6045,218153.4771,34,K,PB,,51.24853961,4.484908466
K35,1997,,158138.6445,218157.9997,35,K,PB,,51.24853986,4.485309476
K36,1997,,158177.0864,218165.2358,36,K,PB,,51.24853994,4.485868025
K37,1997,,158210.1013,218171.5674,37,K,PB,,51.24854011,4.486340643
K38,1997,,158206.4832,218194.1803,38,K,PB,,51.24854081,4.486283358
K39,1997,,158175.2774,218190.11,39,K,PB,,51.2485419,4.485839386
K4,1997,,158259.8496,217829.2083,4,K,PB,,51.24854134,4.487042413
K40,1997,,158137.2878,218186.0397,40,K,PB,,51.24854372,4.485295164
K41,1997,,158106.9865,218179.7081,41,K,PB,,51.24854479,4.484865513
K42,1997,,158102.0117,218205.0345,42,K,PB,,51.2485455,4.484793906
K43,1997,,158135.4787,218212.7229,43,K,PB,,51.24854567,4.485266525
K44,1997,,158173.0161,218220.4113,44,K,PB,,51.24854578,4.485810752
K45,1997,,158207.84,218228.0996,45,K,PB,,51.24854593,4.486297693
K46,1997,,158205.5787,218257.4964,46,K,PB,,51.2485466,4.486269051
K47,1997,,158168.9458,218249.3558,47,K,PB,,51.24854777,4.485739149
K48,1997,,158131.8607,218240.7629,48,K,PB,,51.24854894,4.485209246
K49,1997,,158097.4891,218232.6222,49,K,PB,,51.24855006,4.484722309
K5,1997,,158224.5735,217841.4193,5,K,PB,,51.2485489,4.486541171
K50,1997,,158059.9517,218223.5771,50,K,PB,,51.24855187,4.484192408
K51,1997,,158065.3788,218197.7984,51,K,PB,,51.24855244,4.484264018
K52,1997,,158070.8059,218166.1403,52,K,PB,,51.24855301,4.484335628
K53,1997,,158034.6252,218161.6178,53,K,PB,,51.24855416,4.483820048
K54,1997,,158029.1982,218190.5623,54,K,PB,,51.24855487,4.483748441
K55,1997,,158024.6756,218217.6977,55,K,PB,,51.24855558,4.483676833
K56,1997,,157993.9221,218210.4616,56,K,PB,,51.24855665,4.483232861
K57,1997,,158001.1582,218184.6829,57,K,PB,,51.24855718,4.483347437
K58,1997,,158007.0375,218157.0952,58,K,PB,,51.24855774,4.483433369
K59,1997,,157974.475,218152.5726,59,K,PB,,51.24855884,4.482960753
K6,1997,,158194.7245,217859.0573,6,K,PB,,51.24855638,4.486111536
K60,1997,,157966.3343,218178.8036,60,K,PB,,51.24856023,4.482846182
K61,1997,,157961.8118,218203.2255,61,K,PB,,51.24856094,4.482774575
K62,1997,,157930.9413,218188.8248,62,K,PB,,51.24856201,4.482330602
K63,1997,,157949.3848,218143.9458,63,K,PB,,51.24856239,4.482602717
K64,1997,,157910.6536,218138.1053,64,K,PB,,51.24856357,4.48204417
K65,1997,,157908.5018,218164.5409,65,K,PB,,51.24856424,4.482015528
K66,1997,,157881.7588,218130.4206,66,K,PB,,51.24856525,4.481628843
K67,1997,,157882.9884,218098.7593,67,K,PB,,51.24856586,4.481657488
K68,1997,,157855.938,218091.9968,68,K,PB,,51.24856688,4.48125648
K69,1997,,157821.2029,218043.4291,69,K,PB,,51.24856799,4.480769542
K7,1997,,158203.3174,217898.4038,7,K,PB,,51.24856329,4.48624045
K70,1997,,157865.1598,218048.3473,70,K,PB,,51.24856867,4.481399702
K71,1997,,157890.6732,218052.6508,71,K,PB,,51.24856896,4.481757748
K72,1997,,157925.1009,218055.4173,72,K,PB,,51.24856912,4.482259011
K73,1997,,157915.2644,218104.9072,73,K,PB,,51.2485699,4.482115795
K74,1997,,157956.4547,218109.518,74,K,PB,,51.24856997,4.482702988
K75,1997,,157961.373,218059.7208,75,K,PB,,51.24857054,4.482774598
K76,1997,,157994.3743,218069.3572,76,K,PB,,51.24857072,4.483247218
K77,1997,,157988.9472,218118.6533,77,K,PB,,51.24857145,4.483161289
K78,1997,,158016.9872,218122.7236,78,K,PB,,51.24857169,4.483576621
K79,1997,,158023.7711,218071.6185,79,K,PB,,51.24857224,4.483662553
K8,1997,,158169.8503,217884.3838,8,K,PB,,51.24857082,4.485753529
K80,1997,,158055.8814,218074.332,80,K,PB,,51.24857308,4.484120852
K81,1997,,158046.8362,218131.3165,81,K,PB,,51.24857384,4.483991958
K82,1997,,158079.3988,218139.0049,82,K,PB,,51.24857402,4.484464577
K83,1997,,158083.4691,218082.4727,83,K,PB,,51.24857461,4.484521865
K84,1997,,158046.203,218040.0509,84,K,PB,,51.24857577,4.483991963
K85,1997,,158043.3086,218020.1515,85,K,PB,,51.24857645,4.483948999
K86,1997,,158056.3336,217976.373,86,K,PB,,51.24857691,4.484135183
K87,1997,,158061.0371,217945.2577,87,K,PB,,51.24857748,4.484206794
K88,1997,,158021.6002,217948.1521,88,K,PB,,51.24857868,4.483633925
K89,1997,,158010.3842,217972.0313,89,K,PB,,51.24857948,4.483476388
K9,1997,,158131.8607,217892.9767,9,K,PB,,51.24857841,4.48520932
K90,1997,,157999.8919,218014.0008,90,K,PB,,51.24858091,4.483318852
K91,1997,,158003.8717,218046.9252,91,K,PB,,51.2485815,4.48337614
K92,1997,,157964.1395,218039.1256,92,K,PB,,51.24858268,4.482817594
K93,1997,,157970.2873,217993.017,93,K,PB,,51.24858324,4.482903526
K94,1997,,157976.7425,217952.1341,94,K,PB,,51.2485838,4.482989458
K95,1997,,157919.8753,217950.2897,95,K,PB,,51.24858523,4.482173119
K96,1997,,157914.6496,217989.3283,96,K,PB,,51.24858593,4.482101512
K97,1997,,157908.8092,218029.9039,97,K,PB,,51.24858666,4.482015583
K98,1997,,157868.8484,218027.7521,98,K,PB,,51.24858785,4.481442714
K99,1997,,157874.6889,217991.7874,99,K,PB,,51.2485884,4.481528646
KB000,2006,2010,160515.8324,202562.9615,000,KB,FR,,,
KB1,1993,,160656,202624,1,KB,FR,pm,51.13357428,4.520994366
KB10,1993,,160502,202703,10,KB,FR,,51.13428721,4.518796535
KB11,1993,,160484,202680,11,KB,FR,pc,51.1340808,4.518538709
KB12,1993,,160454,202661,12,KB,FR,pm,51.13391056,4.518109562
KB13,1993,,160424,202670,13,KB,FR,pm,51.133992,4.517681223
KB14,1993,,160378,202685,14,KB,FR,pc,51.13412766,4.517024468
KB15,1993,,160342,202686,15,KB,FR,pm,51.1341373,4.516510177
KB16,1993,,160335,202668,16,KB,FR,pm,51.13397563,4.516409657
KB17,1993,,160342,202643,17,KB,FR,pc,51.13375078,4.51650895
KB18,1993,,160347,202617,18,KB,FR,pm,51.13351699,4.51657964
KB19,1993,,160347,202597,19,KB,FR,pm,51.13333722,4.516579069
KB2,1993,,160639,202644,2,KB,FR,pc,51.13375437,4.520752082
KB20,1993,,160348,202560,20,KB,FR,pc,51.13300462,4.516592299
KB20BIS,,,160345.6,202566,20BIS,KB,FR,pm,51.13300555,4.516549443
KB21,1993,,160352,202534,21,KB,FR,pm,51.13277084,4.516648702
KB22,1993,,160353,202517,22,KB,FR,pm,51.13261802,4.516662503
KB23,1993,,160369,202499,23,KB,FR,pc,51.13245593,4.516890567
KB24,1993,,160381,202488,24,KB,FR,pm,51.13235684,4.517061685
KB25,1993,,160408,202468,25,KB,FR,pm,51.13217658,4.517446836
KB26,1993,,160428,202452,26,KB,FR,pc,51.1320324,4.517732097
KB27,1993,,160435,202469,27,KB,FR,pm,51.13218508,4.517832589
KB28,1993,,160448,202487,28,KB,FR,pm,51.13234664,4.518018827
KB29,1993,,160430,202500,29,KB,FR,pc,51.13246382,4.517762051
KB3,1993,,160612,202649,3,KB,FR,pm,51.13379981,4.520366492
KB30,1993,,160420,202521,30,KB,FR,pm,51.13265276,4.517619793
KB31,1993,,160474,202524,31,KB,FR,pm,51.13267875,4.518391335
KB32,1993,,160449,202524,32,KB,FR,pc,51.13267921,4.518034179
KB33,1993,,160447,202541,33,KB,FR,pm,51.13283205,4.518006097
KB34,1993,,160450,202564,34,KB,FR,pm,51.13303873,4.518049619
KB35,1993,,160434,202570,35,KB,FR,pc,51.13309295,4.51782121
KB36,1993,,160388,202586,36,KB,FR,pm,51.1332376,4.517164497
KB37,1993,,160402,202586,37,KB,FR,pm,51.13323735,4.517364506
KB38,1993,,160415,202614,38,KB,FR,pc,51.1334888,4.517551034
KB39,1993,,160419,202648,39,KB,FR,pm,51.13379434,4.517609157
KB4,1993,,160593,202681,4,KB,FR,pm,51.13408779,4.520095983
KB40,1993,,160404,202677,40,KB,FR,pm,51.13405528,4.517395692
KB41,1993,,160491,202657,41,KB,FR,pm,51.13387393,4.51863805
KB42,1993,,160522,202671,42,KB,FR,pc,51.13399921,4.51908134
KB43,1993,,160540,202666,43,KB,FR,pm,51.13395394,4.519338354
KB44,1993,,160559,202672,44,KB,FR,pc,51.13400752,4.519609975
KB45,1993,,160579,202668,45,KB,FR,pm,51.1339712,4.51989559
KB46,1993,,160594,202653,46,KB,FR,pm,51.13383609,4.520109451
KB47,1993,,160577,202638,47,KB,FR,pc,51.13370158,4.519866142
KB48,1993,,160562,202622,48,KB,FR,pm,51.13355803,4.519651377
KB49,1993,,160551,202600,49,KB,FR,pm,51.13336048,4.519493586
KB5,1993,,160585,202696,5,KB,FR,pc,51.13422277,4.519982128
KB50,1993,,160520,202577,50,KB,FR,pc,51.13315431,4.519050039
KB51,1993,,160501,202549,51,KB,FR,pm,51.13290298,4.518777787
KB52,1993,,160474,202544,52,KB,FR,pm,51.13285852,4.518391913
KB53,1993,,160494,202527,53,KB,FR,pc,51.13270535,4.518677146
KB54,1993,,160513,202516,54,KB,FR,pm,51.13260613,4.518948265
KB55,1993,,160526,202495,55,KB,FR,pm,51.13241713,4.519133376
KB56,1993,,160555,202479,56,KB,FR,pc,51.13227278,4.519547208
KB57,1993,,160571,202490,57,KB,FR,pm,51.13237137,4.519776106
KB58,1993,,160586,202489,58,KB,FR,pm,51.1323621,4.519990369
KB59,1993,,160615,202487,59,KB,FR,pc,51.13234359,4.520404607
KB6,1993,,160550,202715,6,KB,FR,pm,51.1343942,4.519482647
KB60,1993,,160638,202488,60,KB,FR,pm,51.13235216,4.520733217
KB61,1993,,160659,202502,61,KB,FR,pm,51.13247761,4.521033637
KB62,1993,,160684,202535,62,KB,FR,pc,51.13277377,4.521391764
KB63,1993,,160733,202504,63,KB,FR,pm,51.13249421,4.522090872
KB64,1993,,160735,202528,64,KB,FR,pc,51.1327099,4.522120155
KB65,1993,,160707,202548,65,KB,FR,pm,51.1328902,4.521720732
KB66,1993,,160684,202586,66,KB,FR,pm,51.13323219,4.521393267
KB67,1993,,160675,202607,67,KB,FR,pc,51.13342112,4.521265308
KB68,1993,,160654,202598,68,KB,FR,pm,51.13334061,4.520965028
KB69,1993,,160627,202573,69,KB,FR,pm,51.13311639,4.520578562
KB7,1993,,160536,202723,7,KB,FR,pm,51.13446636,4.519282865
KB70,1993,,160613,202551,70,KB,FR,pm,51.1329189,4.520377909
KB71,1993,,160599,202538,71,KB,FR,pc,51.13280231,4.520177521
KB72,1993,,160573,202522,72,KB,FR,pm,51.13265897,4.519805612
KB73,1993,,160555,202493,73,KB,FR,pm,51.13239863,4.519547615
KB73BIS,,,160551,202501,73BIS,KB,FR,pm,51.13247061,4.519490704
KB74,1993,,160528,202468,74,KB,FR,pm,51.1321744,4.519161164
KB75,1993,,160511,202457,75,KB,FR,pc,51.13207584,4.518917982
KB76,1993,,160415,202388,76,KB,FR,pm,51.13145736,4.51754454
KB77,1993,,160425,202374,77,KB,FR,pc,51.13133134,4.517686996
KB78,1993,,160445,202378,78,KB,FR,pm,51.13136694,4.517972827
KB79,1993,,160469,202379,79,KB,FR,pm,51.13137549,4.518315716
KB8,1993,,160517,202740,8,KB,FR,pc,51.13461951,4.51901191
KB80,1993,,160489,202382,80,KB,FR,pc,51.13140209,4.518601519
KB81,1993,,160502,202392,81,KB,FR,pm,51.13149174,4.518787524
KB82,1993,,160524,202399,82,KB,FR,pm,51.13155426,4.519102016
KB83,1993,,160543,202396,83,KB,FR,pc,51.13152695,4.51937336
KB84,1993,,160562,202400,84,KB,FR,pm,51.13156255,4.519644908
KB85,1993,,160574,202404,85,KB,FR,pm,51.13159829,4.519816456
KB86,1993,,160589,202415,86,KB,FR,pc,51.13169689,4.520031065
KB87,,,160609,202417,87,KB,FR,,51.1317145,4.520316842
KB88,1993,,160622,202422,88,KB,FR,pm,51.1317592,4.520502705
KB89,1993,,160640,202418,89,KB,FR,pc,51.13172291,4.520759735
KB9,1993,,160507,202727,9,KB,FR,pm,51.13450284,4.518868665
KB90,1993,,160645,202443,90,KB,FR,pm,51.13194754,4.520831899
KB91,1994,,160694,202498,91,KB,FR,pm,51.13244101,4.521533535
KB92,1996,,160471,202651,92,KB,FR,pm,51.13382036,4.518352145
KBA01,2000,2001,160524,202693,A01,KB,FR,pm,,
KBA02,2000,2001,160543,202694,A02,KB,FR,pc,,
KBA03,2000,2001,160557,202686,A03,KB,FR,pm,,
KBA06,2000,2001,160535,202619,A06,KB,FR,pc,,
KBA07,2000,2001,160518,202600,A07,KB,FR,pm,,
KBA08,2000,2001,160533,202558,A08,KB,FR,pm,,
KBA10,2000,2001,160575,202586,A10,KB,FR,pc,,
KBA11,2000,2001,160593,202602,A11,KB,FR,pm,,
KBA12,2000,2001,160601,202623,A12,KB,FR,pm,,
KBA13,2000,2001,160623,202604,A13,KB,FR,pm,,
KBA14,2000,2001,160604,202583,A14,KB,FR,pc,,
KBA15,2000,2001,160584,202564,A15,KB,FR,pm,,
KBA16,2000,2001,160566,202551,A16,KB,FR,pc,,
KBA17,2000,2001,160546,202539,A17,KB,FR,pm,,
KBA18,2000,2001,160668,202567,A18,KB,FR,pm,,
KBA19,2000,2001,160659,202545,A19,KB,FR,pc,,
KBA20,2000,2001,160640,202527,A20,KB,FR,pm,,
KBA21,2000,2001,160606,202512,A21,KB,FR,pm,,
KBA22,2000,2001,160569,202467,A22,KB,FR,pm,,
KBA23,2000,2001,160599,202466,A23,KB,FR,pm,,
KBA24,2000,2001,160714,202515,A24,KB,FR,pm,,
KBA25,2000,2001,160715,202487,A25,KB,FR,pc,,
KBA26,2000,2001,160665,202479,A26,KB,FR,pc,,
KBA27,2000,2001,160594,202438,A27,KB,FR,pm,,
KBA28,2000,2001,160566,202432,A28,KB,FR,pc,,
KBA29,2000,2001,160634,202381,A29,KB,FR,pm,,
KBA30,2000,2001,160601,202366,A30,KB,FR,pc,,
KBA31,2000,2001,160574,202376,A31,KB,FR,pm,,
KBB01,2003,2004,160493.8705,202638.8372,B01,KB,FR,pm,,
KBB02,2003,2004,160499.0923,202608.8437,B02,KB,FR,pc,,
KBB03,2003,2004,160504.2372,202577.7903,B03,KB,FR,pm,,
KBB04,2003,2004,160470.0106,202574.0687,B04,KB,FR,pc,,
KBB05,2003,2004,160461.8323,202599.9413,B05,KB,FR,pm,,
KBB06,2003,2004,160454.0724,202625.0632,B06,KB,FR,pm,,
KBB07,2003,2004,160436.2844,202593.7872,B07,KB,FR,pm,,
KBB08,2003,2004,160402.2529,202572.7939,B08,KB,FR,pm,,
KBB09,2003,2004,160367.8679,202570.6339,B09,KB,FR,pc,,
KBB10,2003,2004,160372.3721,202609.2971,B10,KB,FR,pm,,
KBB11,2003,2004,160396.4802,202609.3774,B11,KB,FR,pc,,
KBB12,2003,2004,160396.2486,202635.012,B12,KB,FR,pm,,
KBB13,2003,2004,160366.4074,202637.2692,B13,KB,FR,pm,,
KBB14,2003,2004,160364.8615,202663.6259,B14,KB,FR,pm,,
KBB15,2003,2004,160395.9409,202658.7496,B15,KB,FR,pm,,
KBB16,2003,2004,160373.3016,202543.09,B16,KB,FR,pm,,
KBB17,2003,2004,160407.2375,202547.2122,B17,KB,FR,pm,,
KBB18,2003,2004,160412.0375,202486.1894,B18,KB,FR,pm,,
KBB19,2003,2004,160389.0848,202512.1217,B19,KB,FR,pm,,
KBB20,2003,2004,160454.475,202451.7066,B20,KB,FR,pc,,
KBB21,2003,2004,160469.6688,202478.9585,B21,KB,FR,pm,,
KBB22,2003,2004,160464.2931,202503.3792,B22,KB,FR,pc,,
KBB23,2003,2004,160493.2423,202508.4273,B23,KB,FR,pc,,
KBB24,2003,2004,160501.5144,202483.2273,B24,KB,FR,pm,,
KBB25,2003,2004,160479.1353,202456.3427,B25,KB,FR,pm,,
KBB26,2003,2004,160535.3476,202426.3366,B26,KB,FR,pm,,
KBB27,2003,2004,160504.3041,202419.8129,B27,KB,FR,pc,,
KBB28,2003,2004,160473.2221,202415.6496,B28,KB,FR,pm,,
KBB29,2003,2004,160443.3617,202412.042,B29,KB,FR,pc,,
KBB30,2003,2004,160539.2002,202378.8228,B30,KB,FR,pc,,
KBB31,2003,2004,160507.5016,202374.436,B31,KB,FR,pm,,
KBCB3,,,160440,202512,CB3,KB,FR,cb,51.1325715,4.517905258
KBF1,,,160642.1687,202430.0537,F1,KB,FR,,,
KBF2,,,160412.0223,202493.2311,F2,KB,FR,,,
KBF3,,,160560.9405,202669.2254,F3,KB,FR,,,
KBFD6,,,160570,202705,FD6,KB,FR,,,
KBKB20,,,160345.511,202566.063,KB20,KB,FR,,,
KBPMO34,,,160461,202581,PMO34,KB,FR,PMO,,
KBPMO79,,,160469,202379,PMO79,KB,FR,,,
KF1,,,158069,218034,F1,K,PB,,,
KL000,2006,2010,161111.1349,201662.6995,000,KL,FR,,,
KL1,1993,,161062,201579,1,KL,FR,pm,51.12417348,4.526762788
KL10,1993,,161099,201731,10,KL,FR,pm,51.12553905,4.527295936
KL11,1993,,161113,201717,11,KL,FR,pc,51.12541294,4.527495483
KL12,1993,,161127,201697,12,KL,FR,pm,51.12523289,4.527694845
KL13,1993,,161130,201677,13,KL,FR,pm,51.12505306,4.527737083
KL14,1993,,161115,201659,14,KL,FR,pc,51.12489155,4.527522273
KL15,1993,,161097,201638,15,KL,FR,pm,51.12470314,4.527264521
KL2,1993,,161068,201601,2,KL,FR,pc,51.12437111,4.526849161
KL3,1993,,161077,201619,3,KL,FR,pm,51.12453274,4.526978265
KL4,1993,,161080,201641,4,KL,FR,pm,51.12473043,4.527021788
KL5,1993,,161060,201653,5,KL,FR,pc,51.12483868,4.526736479
KL6,1993,,161072,201674,6,KL,FR,pm,51.12502721,4.526908526
KL7,1993,,161054,201681,7,KL,FR,pm,51.12509048,4.52665163
KL8,1993,,161060,201700,8,KL,FR,pc,51.12526115,4.526737913
KL9,1993,,161080,201723,9,KL,FR,pm,51.1254675,4.527024295
KLCB3,,,161121.293,201674.595,CB3,KL,FR,cb,51.12546944,4.527609949
KLF1,,,161110.3662,201652.6534,F1,KL,FR,,,
KLMW40,,,161080,201685,MW40,KL,FR,,,
KO13,,,158074,218044,O13,K,PB,,,
L1,1980,1988,157296,217919,1,L,PB,pm,,
L10,1980,1988,157110,217801,10,L,PB,pm,,
L11,1980,1988,157073,217814,11,L,PB,pm,,
L12,1980,1988,157043,217792,12,L,PB,pm,,
L13,1980,1988,157077,217791,13,L,PB,pm,,
L14,1980,1988,157076,217753,14,L,PB,pm,,
L15,1980,1988,157043,217759,15,L,PB,pm,,
L16,1980,1988,157017,217737,16,L,PB,pm,,
L17,1980,1988,157009,217771,17,L,PB,pm,,
L18,1980,1988,156980,217747,18,L,PB,pm,,
L19,1980,1988,156954,217746,19,L,PB,pm,,
L2,1980,1988,157269,217901,2,L,PB,pm,,
L20,1980,1988,156932,217716,20,L,PB,pm,,
L21,1980,1988,156899,217704,21,L,PB,pm,,
L22,1980,1988,156955,217671,22,L,PB,pm,,
L23,1980,1988,156998,217701,23,L,PB,pm,,
L24,1980,1988,157042,217685,24,L,PB,pm,,
L25,1980,1988,157073,217721,25,L,PB,pm,,
L26,1980,1988,157092,217697,26,L,PB,pm,,
L27,1980,1988,157147,217694,27,L,PB,pm,,
L28,1980,1988,157148,217726,28,L,PB,pm,,
L29,1980,1988,157136,217748,29,L,PB,pm,,
L3,1980,1988,157232,217909,3,L,PB,pm,,
L30,1980,1988,157174,217762,30,L,PB,pm,,
L31,1980,1988,157203,217764,31,L,PB,pm,,
L32,1980,1988,157243,217817,32,L,PB,pm,,
L33,1980,1988,157292,217835,33,L,PB,pm,,
L34,1980,1988,157345,217804,34,L,PB,pm,,
L35,1980,1988,157375,217818,35,L,PB,pm,,
L36,1980,1988,157387,217848,36,L,PB,pm,,
L37,1980,1988,157349,217863,37,L,PB,pm,,
L38,1980,1988,157353,217837,38,L,PB,pm,,
L39,1980,1988,157311,217861,39,L,PB,pm,,
L4,1980,1988,157245,217869,4,L,PB,pm,,
L40,1980,1988,157312,217895,40,L,PB,pm,,
L41,1980,1988,157352,217908,41,L,PB,pm,,
L42,1980,1988,157381,217895,42,L,PB,pm,,
L43,1980,1988,157429,217882,43,L,PB,pm,,
L44,1980,1988,157426,217854,44,L,PB,pm,,
L45,1980,1988,157468,217862,45,L,PB,pm,,
L46,1980,1988,157473,217835,46,L,PB,pm,,
L47,1980,1988,157450,217814,47,L,PB,pm,,
L48,1980,1988,157420,217829,48,L,PB,pm,,
L49,1980,1988,157397,217801,49,L,PB,pm,,
L5,1980,1988,157207,217875,5,L,PB,pm,,
L50,1980,1988,157392,217773,50,L,PB,pm,,
L51,1980,1988,157340,217762,51,L,PB,pm,,
L52,1980,1988,157297,217780,52,L,PB,pm,,
L53,1980,1988,157254,217779,53,L,PB,pm,,
L6,1980,1988,157211,217837,6,L,PB,pm,,
L7,1980,1988,157170,217844,7,L,PB,pm,,
L8,1980,1988,157150,217823,8,L,PB,pm,,
L9,1980,1988,157121,217831,9,L,PB,pm,,
LC1,2000,2003,160634,201435,1,LC,FR,pm,,
LC2,2000,2005,160607,201442,2,LC,FR,pm,,
LC3,2000,2003,160592,201393,3,LC,FR,pm,,
LC4,2000,2005,160611,201403,4,LC,FR,pm,,
LC5,2000,2003,160645,201396,5,LC,FR,pm,,
LC6,2000,2003,160625,201349,6,LC,FR,pm,,
LC7,2000,2005,160663,201343,7,LC,FR,pm,,
LC8,2000,2003,160675,201313,8,LC,FR,pm,,
LH000,2006,2010,159975.8378,202606.1898,000,LH,FR,,,
LH1,2000,2003,160282,202576,1,LH,FR,pm,,
LH10,2000,2003,160041,202510,10,LH,FR,pm,,
LH11,2000,2003,160009,202526,11,LH,FR,pm,,
LH12,2000,2003,159981,202551,12,LH,FR,pm,,
LH13,2000,2005,159928,202558,13,LH,FR,pm,,
LH14,2000,2003,159908,202526,14,LH,FR,pm,,
LH15,2000,2005,159892,202495,15,LH,FR,pm,,
LH2,2000,2005,160298,202601,2,LH,FR,pm,,
LH3,2000,2005,160306,202626,3,LH,FR,pm,,
LH4,2000,2005,160294,202657,4,LH,FR,pm,,
LH5,2000,2003,160127,202571,5,LH,FR,pm,,
LH6,2000,2003,160103,202522,6,LH,FR,pm,,
LH7,2000,2003,160079,202601,7,LH,FR,pm,,
LH8,2000,2003,160007,202584,8,LH,FR,pm,,
LH9,2000,2005,159962,202593,9,LH,FR,pm,,
LHF1,,,160010.3943,202590.2536,F1,LH,FR,,,
LHF2,,,159708.0452,202626.355,F2,LH,FR,,,
LHF3,,,159726.0959,202748.1972,F3,LH,FR,,,
LHLHPT,,,159975.8,202606.2,LHPT,LH,FR,,,
LO000,2006,2010,160763.2285,201603.5121,000,LO,FR,,,
LO1,1993,,160917,201682,1,LO,FR,pm,51.12510208,4.524694767
LO10,1993,,160816,201538,10,LO,FR,pc,51.12380961,4.523247797
LO11,1993,,160796,201521,11,LO,FR,pm,51.12365718,4.52296162
LO12,1993,,160780,201504,12,LO,FR,pm,51.12350467,4.522732579
LO13,1993,,160763,201489,13,LO,FR,pc,51.12337016,4.522489316
LO14,1993,,160743,201536,14,LO,FR,pm,51.123793,4.522205042
LO15,1993,,160756,201550,15,LO,FR,pm,51.1239186,4.522391143
LO16,1993,,160770,201556,16,LO,FR,pc,51.12397227,4.522591291
LO17,1993,,160783,201578,17,LO,FR,pm,51.12416978,4.522777631
LO18,1993,,160809,201600,18,LO,FR,pm,51.12436704,4.523149661
LO19,1993,,160828,201609,19,LO,FR,pm,51.12444758,4.52342132
LO2,1993,,160933,201654,2,LO,FR,pc,51.12485009,4.524922465
LO20,1993,,160839,201597,20,LO,FR,pm,51.12433951,4.523578082
LO21,1993,,160815,201635,21,LO,FR,pc,51.12468153,4.523236408
LO22,1993,,160842,201634,22,LO,FR,pc,51.12467204,4.523622039
LO23,1993,,160857,201639,23,LO,FR,pm,51.1247167,4.523836446
LO24,1993,,160876,201658,24,LO,FR,pc,51.12488712,4.524108408
LO25,1993,,160886,201676,25,LO,FR,pm,51.12504873,4.524251787
LO26,1993,,160880,201706,26,LO,FR,pc,51.12531851,4.524166984
LO27,,,160836,201749,27,LO,FR,,51.12570585,4.523539776
LO28,1993,,160850,201721,28,LO,FR,pm,51.1254539,4.523738914
LO29,1993,,160834,201711,29,LO,FR,pc,51.12536432,4.523510071
LO3,1993,,160944,201637,3,LO,FR,pm,51.12469707,4.525079074
LO30,1993,,160823,201702,30,LO,FR,pm,51.12528362,4.523352679
LO31,1993,,160812,201687,31,LO,FR,pm,51.125149,4.523195108
LO32,1993,,160802,201669,32,LO,FR,pc,51.12498739,4.523051732
LO33,1993,,160772,201676,33,LO,FR,pm,51.12505087,4.522623425
LO34,1993,,160801,201648,34,LO,FR,pm,51.12479865,4.523036822
LO35,1993,,160774,201638,35,LO,FR,pm,51.12470927,4.522650863
LO36,1993,,160756,201630,36,LO,FR,pc,51.12463769,4.522393517
LO37,1993,,160746,201612,37,LO,FR,pm,51.12447608,4.522250146
LO38,1993,,160733,201598,38,LO,FR,pm,51.12435048,4.522064043
LO39,1993,,160716,201586,39,LO,FR,pc,51.12424294,4.521820866
LO4,1993,,160931,201625,4,LO,FR,pm,51.12458946,4.524893023
LO40,1993,,160672,201578,40,LO,FR,pm,51.12417184,4.521192151
LO41,1993,,160688,201552,41,LO,FR,pm,51.12393784,4.521419922
LO42,1993,,160706,201529,42,LO,FR,pc,51.12373077,4.521676346
LO43,1993,,160690,201513,43,LO,FR,pm,51.12358725,4.521447338
LO44,1993,,160669,201508,44,LO,FR,pc,51.12354269,4.521147239
LO45,1993,,160717,201509,45,LO,FR,pm,51.12355079,4.521832873
LO46,1993,,160728,201489,46,LO,FR,pc,51.12337081,4.521989398
LO47,1993,,160744,201461,47,LO,FR,pm,51.12311883,4.522217102
LO48,1993,,160765,201435,48,LO,FR,pm,51.12288473,4.522516279
LO49,1993,,160780,201413,49,LO,FR,pc,51.1226867,4.522729873
LO5,1993,,160917,201615,5,LO,FR,pc,51.12449984,4.524692749
LO50,1993,,160795,201402,50,LO,FR,pm,51.12258754,4.522943792
LO51,1993,,160800,201382,51,LO,FR,pm,51.12240768,4.523014612
LO52,1993,,160817,201365,52,LO,FR,pm,51.12225455,4.523256917
LO53,1993,,160789,201368,53,LO,FR,pc,51.12228204,4.522857081
LO54,1993,,160769,201367,54,LO,FR,pm,51.12227343,4.522571391
LO55,1993,,160746,201369,55,LO,FR,pm,51.12229183,4.522242941
LO56,1993,,160735,201394,56,LO,FR,pc,51.12251675,4.522086568
LO57,1993,,160719,201414,57,LO,FR,pm,51.12269683,4.52185863
LO58,1993,,160727,201451,58,LO,FR,pm,51.12302926,4.52197399
LO59,1996,,160653,201489,59,LO,FR,pc,51.1233722,4.520918146
LO6,1993,,160906,201607,6,LO,FR,pm,51.12442813,4.524535388
LO60,1996,,160650,201507,60,LO,FR,pm,51.12353405,4.520875825
LO61,1996,,160637,201523,61,LO,FR,pm,51.12367811,4.52069061
LO62,1996,,160796,201778,62,LO,FR,pm,51.12596727,4.522969276
LO7,1993,,160879,201585,7,LO,FR,pm,51.12423089,4.524149068
LO8,1993,,160854,201586,8,LO,FR,pc,51.12424035,4.523792007
LO9,1993,,160839,201556,9,LO,FR,pm,51.12397098,4.523576855
LOA01,2000,2001,160908,201644,A01,LO,FR,pm,,
LOA02,2000,2001,160890,201632,A02,LO,FR,pc,,
LOA03,2000,2001,160866,201615,A03,LO,FR,pm,,
LOA04,2000,2001,160817,201576,A04,LO,FR,pm,,
LOA05,2000,2001,160794,201619,A05,LO,FR,pc,,
LOA06,2000,2001,160859,201689,A06,LO,FR,pm,,
LOA07,2000,2001,160840,201674,A07,LO,FR,pc,,
LOA08,2000,2001,160821,201667,A08,LO,FR,pm,,
LOA09,2000,2001,160750,201651,A09,LO,FR,pm,,
LOA10,2000,2001,160780,201760,A10,LO,FR,pc,,
LOA11,2000,2001,160799,201730,A11,LO,FR,pm,,
LOA12,2000,2001,160780,201714,A12,LO,FR,pc,,
LOA13,2000,2001,160767,201747,A13,LO,FR,pm,,
LOA14,2000,2001,160745,201736,A14,LO,FR,pm,,
LOA15,2000,2001,160732,201718,A15,LO,FR,pc,,
LOA16,2000,2001,160719,201696,A16,LO,FR,pm,,
LOB01,2003,2004,160768.2858,201389.8935,B01,LO,FR,pm,,
LOB02,2003,2004,160751.8012,201410.0312,B02,LO,FR,pc,,
LOB03,2003,2004,160734.9311,201427.9322,B03,LO,FR,pm,,
LOB04,2003,2004,160724.561,201475.2054,B04,LO,FR,pc,,
LOB05,2003,2004,160707.2173,201498.9554,B05,LO,FR,pm,,
LOB06,2003,2004,160782.9744,201540.109,B06,LO,FR,pc,,
LOB07,2003,2004,160759.0334,201520.962,B07,LO,FR,pm,,
LOB08,2003,2004,160741.1656,201507.3696,B08,LO,FR,pm,,
LOB09,2003,2004,160761.1738,201598.2874,B09,LO,FR,pc,,
LOB10,2003,2004,160736.0943,201570.0698,B10,LO,FR,pm,,
LOB11,2003,2004,160718.0808,201547.0163,B11,LO,FR,pc,,
LOB12,2003,2004,160698.8903,201569.71,B12,LO,FR,pm,,
LOB13,2003,2004,160715.9728,201643.678,B13,LO,FR,pm,,
LOB14,2003,2004,160697.074,201621.6782,B14,LO,FR,pc,,
LOB15,2003,2004,160684.9329,201594.1307,B15,LO,FR,pm,,
LOB16,2003,2004,160668.446,201532.4788,B16,LO,FR,pm,,
LOB17,2003,2004,160657.0723,201550.6861,B17,LO,FR,pc,,
LOCB2,,,160769,201499,CB2,LO,FR,,,
LOF1,,,160906.1051,201658.1004,F1,LO,FR,,,
LOF2,,,160745.4197,201396.6461,F2,LO,FR,,,
LOF3,,,160764.484,201666.2708,F3,LO,FR,,,
LOFD15,,,160710,201455,FD15,LO,FR,,,
LS1,1994,2006,161398,204574,1,LS,FR,pm,,
LS2,1994,2006,161417,204587,2,LS,FR,pc,,
LS3,1994,2001,161435,204600,3,LS,FR,pm,,
LS4,1994,2006,161426,204632,4,LS,FR,pm,,
LS5,1994,1996,161409,204651,5,LS,FR,pc,,
LS6,1994,2006,161396,204630,6,LS,FR,pm,,
LS7,1994,2004,161368,204625,7,LS,FR,pm,,
LS8,1994,2006,161379,204595,8,LS,FR,pc,,
LSCB2,,,161426,204632,CB2,LS,FR,,,
LW000,2006,2010,160351.8039,201381.1984,000,LW,FR,,,
LW1,1993,,160259,201302,1,LW,FR,pm,51.12169847,4.515285206
LW10,1993,,160357,201406,10,LW,FR,pm,51.12263154,4.516687898
LW2,1993,,160272,201317,2,LW,FR,pc,51.12183306,4.515471308
LW3,1993,,160291,201328,3,LW,FR,pm,51.1219316,4.515742996
LW4,1993,,160316,201334,4,LW,FR,pm,51.12198509,4.51610024
LW5,1993,,160336,201347,5,LW,FR,pc,51.12210158,4.516386269
LW6,1993,,160353,201374,6,LW,FR,pm,51.12234397,4.516629851
LW7,1993,,160375,201388,7,LW,FR,pc,51.12246942,4.516944479
LW8,1993,,160411,201407,8,LW,FR,pm,51.12263955,4.517459216
LW9,1993,,160391,201430,9,LW,FR,pc,51.12284665,4.517174213
LWCB1,,,160388,201395,CB1,LW,FR,cb,51.1225321,4.51713036
LWCB2,,,160388,201395,CB2,LW,FR,cb,51.1225321,4.51713036
LWF1,,,160388.6436,201358.5174,F1,LW,FR,,51.122533,4.517130363
LWF_B2,2012,,160233,201320,F_B2,LW,FR,FPT,,
MP1,2000,,158030.8378,218616.0417,1,MP,PB,,51.24858688,4.483762842
MP10,2000,,158143.2765,218511.3475,10,MP,PB,,51.24858593,4.485381201
MP11,2000,,158110.0038,218558.1014,11,MP,PB,,51.24858704,4.484908585
MP12,2000,,158093.3675,218595.3897,12,MP,PB,,51.24858792,4.484665117
MP13,2000,,158083.3283,218611.1656,13,MP,PB,,51.2485887,4.484521901
MP14,2000,,158067.5525,218635.5464,14,MP,PB,,51.24858957,4.484292754
MP15,2000,,158048.6215,218664.2297,15,MP,PB,,51.24859048,4.484020643
MP16,2000,,158030.8378,218692.3394,16,MP,PB,,51.24859137,4.483762853
MP17,2000,,158016.2093,218714.1388,17,MP,PB,,51.24859221,4.48356235
MP18,2000,,157996.7046,218691.7658,18,MP,PB,,51.24859313,4.483275917
MP19,2000,,158019.0776,218648.7407,19,MP,PB,,51.24859345,4.483605319
MP2,2000,,158051.7766,218595.6765,2,MP,PB,,51.24859364,4.484063616
MP20,2000,,157995.2705,218640.4226,20,MP,PB,,51.24859506,4.4832616
MP21,2000,,157984.9445,218675.7031,21,MP,PB,,51.24859586,4.483104062
MP22,2000,,157969.7423,218653.3301,22,MP,PB,,51.24859671,4.482889237
MP23,2000,,157964.0056,218621.7784,23,MP,PB,,51.24859742,4.48281763
MP24,2000,,157927.5778,218598.8317,24,MP,PB,,51.24859857,4.482287726
MP3,2000,,158071.5682,218576.7455,3,MP,PB,,51.2485972,4.484350061
MP4,2000,,158088.4913,218531.139,4,MP,PB,,51.2485976,4.484593532
MP5,2000,,158066.4052,218501.5952,5,MP,PB,,51.24859856,4.484278455
MP6,2000,,158051.203,218475.2065,6,MP,PB,,51.24859941,4.48406363
MP7,2000,,158065.5447,218455.1282,7,MP,PB,,51.24859985,4.484264136
MP8,2000,,158091.0728,218472.625,8,MP,PB,,51.24860013,4.484636503
MP9,2000,,158118.6088,218493.277,9,MP,PB,,51.24860039,4.485023192
RO1,,,159207,202508,1,RO,FR,pm,51.13255656,4.50029026
RO10,,,159259,202551,10,RO,FR,pm,51.13294223,4.501034242
RO11,,,159281,202545,11,RO,FR,pm,51.13288795,4.501348388
RO12,,,159309,202519,12,RO,FR,pm,51.13265379,4.501747737
RO13,,,159374,202555,13,RO,FR,pm,51.13297633,4.502677274
RO14,,,159405,202573,14,RO,FR,cb,51.13313762,4.503120618
RO15,,,159421,202555,15,RO,FR,pm,51.13297557,4.503348732
RO16,,,159388,202498,16,RO,FR,pm,51.13246375,4.502875806
RO17,,,159352,202491,17,RO,FR,pm,51.13240142,4.502361323
RO18,,,159304,202495,18,RO,FR,pm,51.13243815,4.501675689
RO19,,,159437,202509,19,RO,FR,pm,51.13256183,4.503576115
RO2,,,159193,202543,2,RO,FR,pm,51.13287138,4.500091141
RO20,,,159485,202480,20,RO,FR,,51.13230037,4.504261095
RO21,,,159441,202466,21,RO,FR,pm,51.13217525,4.50363214
RO22,,,159404,202469,22,RO,FR,pm,51.13220282,4.503103632
RO23,,,159372,202463,23,RO,FR,cb,51.13214941,4.502646322
RO24,,,159365,202438,24,RO,FR,pm,51.13192481,4.502545673
RO25,,,159347,202418,25,RO,FR,pm,51.13174533,4.502288009
RO26,,,159326,202414,26,RO,FR,,51.13170971,4.501987901
RO27,,,159325,202402,27,RO,FR,pm,51.13160186,4.501973306
RO28,,,159340,202374,28,RO,FR,pm,51.13134994,4.502186873
RO28A,,,159346,202321,28A,RO,FR,pm,51.13087344,4.502271221
RO29,,,159290,202349,29,RO,FR,pm,51.13112603,4.50147194
RO3,,,159158,202615,3,RO,FR,pm,51.13351912,4.49959294
RO30,,,159287,202369,30,RO,FR,,51.13130585,4.501429595
RO31,,,159270,202380,31,RO,FR,pm,51.131405,4.501187017
RO32,,,159244,202416,32,RO,FR,pm,51.13172901,4.500816503
RO33,,,159266,202441,33,RO,FR,pm,51.13195337,4.501131434
RO35,,,159220,202469,35,RO,FR,,51.13220579,4.500474989
RO36,,,159376,202367,36,RO,FR,pm,51.13128643,4.502700982
RO37,,,159264,202368,37,RO,FR,pm,51.13129723,4.501100995
RO38,,,159243,202390,38,RO,FR,pm,51.13149532,4.500801554
RO39,,,159204,202349,39,RO,FR,pm,51.13112741,4.500243363
RO3A,,,159129,202580,3A,RO,FR,pm,51.13320498,4.499177749
RO4,,,159109,202601,4,RO,FR,pm,51.13339406,4.498892549
RO5,,,159101,202585,5,RO,FR,pm,51.13325036,4.498777855
RO6,,,159170,202561,6,RO,FR,pm,51.13303354,4.499763011
RO7,,,159207,202584,7,RO,FR,cb,51.13323969,4.500292191
RO8,,,159202,202587,8,RO,FR,pm,51.13326674,4.500220835
RO9,,,159237,202581,9,RO,FR,pm,51.13321225,4.500720707
T1,1979,1993,157164,218164,1,T,PB,,,
T10,1979,1993,157454,218249,10,T,PB,,,
T11,1979,1993,157430,218225,11,T,PB,,,
T12,1979,1993,157400,218259,12,T,PB,,,
T13,1979,1993,157390,218285,13,T,PB,,,
T14,1979,1993,157351,218257,14,T,PB,,,
T15,1979,1993,157309,218223,15,T,PB,,,
T16,1979,1993,157256,218190,16,T,PB,,,
T17,1979,1993,157224,218160,17,T,PB,,,
T18,1979,1993,157184,218131,18,T,PB,,,
T19,1979,1993,157188,218109,19,T,PB,,,
T2,1979,1993,157200,218190,2,T,PB,,,
T20,1979,1993,157242,218136,20,T,PB,,,
T21,1979,1993,157271,218164,21,T,PB,,,
T22,1979,1993,157328,218201,22,T,PB,,,
T23,1979,1993,157367,218232,23,T,PB,,,
T24,1979,1993,157386,218196,24,T,PB,,,
T25,1979,1993,157346,218184,25,T,PB,,,
T26,1979,1993,157294,218137,26,T,PB,,,
T27,1979,1993,157251,218109,27,T,PB,,,
T28,1979,1993,157204,218081,28,T,PB,,,
T29,1979,1993,157240,218063,29,T,PB,,,
T3,1979,1993,157238,218223,3,T,PB,,,
T30,1979,1993,157267,218088,30,T,PB,,,
T31,1979,1993,157298,218104,31,T,PB,,,
T32,1979,1993,157344,218135,32,T,PB,,,
T33,1979,1993,157387,218165,33,T,PB,,,
T34,1979,1993,157425,218194,34,T,PB,,,
T35,1979,1993,157466,218222,35,T,PB,,,
T36,1979,1993,157510,218246,36,T,PB,,,
T37,1979,1993,157544,218270,37,T,PB,,,
T38,1979,1993,157575,218234,38,T,PB,,,
T39,1979,1993,157599,218197,39,T,PB,,,
T4,1979,1993,157287,218252,4,T,PB,,,
T40,1979,1993,157623,218162,40,T,PB,,,
T41,1979,1993,157575,218147,41,T,PB,,,
T42,1979,1993,157533,218179,42,T,PB,,,
T43,1979,1993,157522,218125,43,T,PB,,,
T44,1979,1993,157478,218169,44,T,PB,,,
T45,1979,1993,157478,218115,45,T,PB,,,
T46,1979,1993,157411,218136,46,T,PB,,,
T47,1979,1993,157410,218100,47,T,PB,,,
T48,1979,1993,157375,218093,48,T,PB,,,
T49,1979,1993,157312,218073,49,T,PB,,,
T5,1979,1993,157336,218290,5,T,PB,,,
T50,1979,1993,157277,218061,50,T,PB,,,
T51,1979,1993,157220,218026,51,T,PB,,,
T52,1979,1993,157220,217995,52,T,PB,,,
T53,1979,1993,157257,217969,53,T,PB,,,
T54,1979,1993,157254,218033,54,T,PB,,,
T55,1979,1993,157271,218005,55,T,PB,,,
T56,1979,1993,157299,217972,56,T,PB,,,
T57,1979,1993,157338,217972,57,T,PB,,,
T58,1979,1993,157324,218003,58,T,PB,,,
T59,1979,1993,157308,218037,59,T,PB,,,
T6,1979,1993,157371,218325,6,T,PB,,,
T60,1979,1993,157350,218056,60,T,PB,,,
T61,1979,1993,157365,218025,61,T,PB,,,
T62,1979,1993,157375,217981,62,T,PB,,,
T63,1979,1993,157404,217979,63,T,PB,,,
T64,1979,1993,157398,218014,64,T,PB,,,
T65,1979,1993,157391,218066,65,T,PB,,,
T66,1979,1993,157438,218071,66,T,PB,,,
T67,1979,1993,157447,218022,67,T,PB,,,
T68,1979,1993,157452,217989,68,T,PB,,,
T69,1979,1993,157499,218001,69,T,PB,,,
T7,1979,1993,157400,218343,7,T,PB,,,
T70,1979,1993,157492,218037,70,T,PB,,,
T71,1979,1993,157483,218087,71,T,PB,,,
T72,1979,1993,157529,218099,72,T,PB,,,
T73,1979,1993,157536,218057,73,T,PB,,,
T74,1979,1993,157544,218021,74,T,PB,,,
T75,1979,1993,157591,218025,75,T,PB,,,
T76,1979,1993,157572,218081,76,T,PB,,,
T77,1979,1993,157575,218115,77,T,PB,,,
T78,1979,1993,157622,218121,78,T,PB,,,
T79,1979,1993,157634,218064,79,T,PB,,,
T8,1979,1993,157428,218312,8,T,PB,,,
T80,1979,1993,157641,218031,80,T,PB,,,
T9,1979,1993,157443,218282,9,T,PB,,,
TFBCL1,,,162636,203389,BCL1,TF,FR,,,
TFBCL2,,,161604,203309,BCL2,TF,FR,,,
TFBH198A,,,159880,203900,BH198A,TF,FR,pm,,
TFBH205,,,159926.2749,203944.3174,BH205,TF,FR,,,
TFBH228,,,160069.9812,203498.8431,BH228,TF,FR,,,
TFBH234,,,160102,203402,BH234,TF,FR,,,
TFBH234A,,,160090,203410,BH234A,TF,FR,pm,51.14064953,4.512930098
TFBH234B,,,160090,203390,BH234B,TF,FR,pc,51.14046976,4.512929541
TFBH234C,,,160100,203380,BH234C,TF,FR,pm,51.1403797,4.513072148
TFBH234D,,,160100,203410,BH234D,TF,FR,pm,51.14064936,4.513072985
TFBH245,,,160160,203370,BH245,TF,FR,pc,,
TFBH257S,,,160150,203250,BH257S,TF,FR,pm,,
TFBH278,,,160122.5695,202829.1711,BH278,TF,FR,,,
TFBH300,,,160525.9692,202833.496,BH300,TF,FR,,,
TFBH305,,,160623.3328,202881.3765,BH305,TF,FR,,,
TFBH305A,,,160625,202830,BH305A,TF,FR,,,
TFBH308,,,160641.7958,202765.5633,BH308,TF,FR,,51.14064047,4.52080315
TFBH309,,,160680,202820,BH309,TF,FR,,,
TFBH309A,,,160715,202910,BH309A,TF,FR,,,
TFBH309B,,,160680,202820,BH309B,TF,FR,pm,,
TFBH325,,,160896.268,202744.0157,BH325,TF,FR,,,
TFBH328,,,160886.3048,202617.8155,BH328,TF,FR,,,
TFBH329,,,160910,202670,BH329,TF,FR,,,
TFBH329A,,,160900,202660,BH329A,TF,FR,pm,,
TFBH332,,,160941.6557,202590.14,BH332,TF,FR,,,
TFBH343,,,161100,202630,BH343,TF,FR,,,
TFBH354,,,161163.3165,202444.6083,BH354,TF,FR,,,
TFBHPT,,,160561.7,202764.9,BHPT,TF,FR,,,
TFBIFFA,,,160850,201340,BIFFA,TF,FR,,,
TFBS14,,,159958.9302,203311.2041,BS14,TF,FR,,,
TFBS14A,,,159958.9302,203311.2041,BS14A,TF,FR,,,
TFBS19,,,159831.8458,203279.4871,BS19,TF,FR,,,
TFBS9,,,160016.6097,203260.4954,BS9,TF,FR,,,
TFBS9B,,,160016.6097,203260.4954,BS9B,TF,FR,,,
TFBS9C,,,160016.6097,203260.4954,BS9C,TF,FR,,,
TFBS9Q,,,160016.6097,203260.4954,BS9Q,TF,FR,,,
TFCL1,,,159965.3599,201502.7371,CL1,TF,FR,,,
TFDNHUIS,,,159660,203582,DNHUIS,TF,FR,,,
TFF_E1,2012,,161165,202853,F_E1,TF,FR,FPT,,
TFF_F2,2012,,159977,202603,F_F2,TF,FR,FPT,,
TFF_G3,2012,,159994,202353,F_G3,TF,FR,FPT,,
TFF_J3,2012,,160572,202745,F_J3,TF,FR,FPT,,
TFF_K2,2012,,160693,203723,F_K2,TF,FR,FPT,,
TFF_M2,2012,,160095,203401,F_M2,TF,FR,FPT,,
TFF_P2,2012,,161956,203775,F_P2,TF,FR,FPT,,
TFGV51,,,161651.363,202865.2275,GV51,TF,FR,,,
TFGV51A,,,161630,202860,GV51A,TF,FR,,,
TFGV51B,,,161671,202854,GV51B,TF,FR,,,
TFGV52D,,,161593,203280,GV52D,TF,FR,,,
TFGV56B,,,161620,203290,GV56B,TF,FR,,,
TFGV59,,,161456,202615,GV59,TF,FR,,,
TFGV59A,,,161450,202610,GV59A,TF,FR,,,
TFGV72,,,161600,202900,GV72,TF,FR,pm,,
TFHV17,,,160239.6586,201595.563,HV17,TF,FR,,,
TFHV17A,,,160250,201610,HV17A,TF,FR,pm,,
TFHV1A,,,160180,201750,HV1A,TF,FR,pm,,
TFHV34A,,,160190,201390,HV34A,TF,FR,pm,,
TFHV47,,,160180.4135,201330.5611,HV47,TF,FR,,,
TFKBT52C,,,160355,202384,KBT52C,TF,FR,,,
TFLH148,,,159910,202370,LH148,TF,FR,,,
TFLH148A,,,159910,202370,LH148A,TF,FR,,,
TFLH148B,,,159957,202390,LH148B,TF,FR,,,
TFLH148C,,,159930,202390,LH148C,TF,FR,pm,,
TFLH148D,,,159950,202410,LH148D,TF,FR,pm,,
TFLH148E,,,159900,202390,LH148E,TF,FR,,,
TFLH178,,,160140,202650,LH178,TF,FR,pm,,
TFLH178A,,,160140,202650,LH178A,TF,FR,pm,,
TFLH178B,,,160120,202620,LH178B,TF,FR,pm,,
TFLH180,,,160064.7444,202716.4612,LH180,TF,FR,,,
TFLH34B,,,159320,202288,LH34B,TF,FR,pm,,
TFLH46,,,159700,202360,LH46,TF,FR,,,
TFLH46A,,,159710,202360,LH46A,TF,FR,pm,,
TFLH46B,,,159700,202360,LH46B,TF,FR,,,
TFLH48,,,159750,202400,LH48,TF,FR,,,
TFLH48A,,,159730,202380,LH48A,TF,FR,pm,,
TFLH48B,,,159750,202400,LH48B,TF,FR,pm,,
TFLH48C,,,159770,202390,LH48C,TF,FR,,,
TFLH48D,,,159728.49,202352.01,LH48D,TF,FR,,,
TFLS111B,,,161370,202330,LS111B,TF,FR,,,
TFLS184,,,159663.806,201760.6865,LS184,TF,FR,,,
TFLS207,,,159760,201760,LS207,TF,FR,pm,,
TFLS207A,,,159760,201760,LS207A,TF,FR,,,
TFLS207E,,,159730,201780,LS207E,TF,FR,pm,,
TFLS217,,,159827.7386,201872.1253,LS217,TF,FR,,,
TFLS217!,,,159780,201840,LS217!,TF,FR,,,
TFLS217C,,,159790,201840,LS217C,TF,FR,pm,,
TFLS217D,,,159830,201860,LS217D,TF,FR,pm,,
TFLS217F,,,159800,201850,LS217F,TF,FR,,,
TFLS217G,,,159780,201890,LS217G,TF,FR,pm,,
TFLS217H,,,159770,201870,LS217H,TF,FR,pm,,
TFLS217I,,,159800,201900,LS217I,TF,FR,pm,,
TFLS217L,,,159842,201998,LS217L,TF,FR,pm,,
TFLS235,,,159970,201760,LS235,TF,FR,pm,,
TFLS235A,,,159970,201760,LS235A,TF,FR,,,
TFLS239A,,,160020,201770,LS239A,TF,FR,,,
TFLS239B,,,160060,201780,LS239B,TF,FR,,,
TFLS239C,,,160060,201780,LS239C,TF,FR,,,
TFLS239D,,,160060,201780,LS239D,TF,FR,pm,,
TFLS271,,,160217,201797,LS271,TF,FR,pm,,
TFLS271A,,,160207,201804,LS271A,TF,FR,pm,51.12621171,4.514556638
TFLS271B,,,160200,201801,LS271B,TF,FR,,51.12618487,4.514456563
TFLS271C,,,160180,201800,LS271C,TF,FR,,51.12617623,4.514170851
TFLS326,,,160477.5466,201899.908,LS326,TF,FR,,,
TFLS334C,,,160564,201924,LS334C,TF,FR,,,
TFLS340,,,160582.5038,201998.6912,LS340,TF,FR,,,
TFLS341A,,,160530,202270,LS341A,TF,FR,,,
TFLS341C,,,160590,202310,LS341C,TF,FR,,,
TFLS350,,,160685.6969,202064.8407,LS350,TF,FR,,,
TFLS350A,,,160710,201950,LS350A,TF,FR,pm,,
TFLS350B,,,160690,202030,LS350B,TF,FR,,,
TFLS350C,,,160700,201990,LS350C,TF,FR,pm,,
TFLS350D,,,160730,201970,LS350D,TF,FR,pm,,
TFLS365D,,,160800,202180,LS365D,TF,FR,pm,,
TFLS369,,,160900,202160,LS369,TF,FR,pc,,
TFLS372A,,,160850,202116,LS372A,TF,FR,pc,,
TFLS372B,,,160862,202090,LS372B,TF,FR,,,
TFLWS,2006,2010,160189.0498,203605.9025,LWS,TF,FR,,,
TFLWS23,,,160218.82,204060.7,LWS23,TF,FR,,,
TFLWSSC,,,160150,203610,LWSSC,TF,FR,,,
TFLWSSC1,,,160150,203610,LWSSC1,TF,FR,pm,,
TFLWSSC2,,,160180,203600,LWSSC2,TF,FR,pm,,
TFLWSSC3,,,160190,203600,LWSSC3,TF,FR,,,
TFLWSSC4,,,160200,203590,LWSSC4,TF,FR,pm,,
TFPIME,,,161250,200000,PIME,TF,FR,,51.10997668,4.529399108
TFRB18,,,159987.1313,201278.3241,RB18,TF,FR,,,
TFRB24,,,160017.2332,201237.1848,RB24,TF,FR,,,
TFSL12,,,159810.7843,201435.1048,SL12,TF,FR,,,
TFSPWP7,,,160025,202475,SPWP7,TF,FR,,,
TFSTORTB,,,158898,202769,STORTB,TF,FR,,,
TFTB12A,,,160140,201450,TB12A,TF,FR,,,
TFTB14C,,,161364,202414,TB14C,TF,FR,,,
TFTB3,,,160240,201460,TB3,TF,FR,pm,,
TFTEGTUR,,,,,TEGTUR,TF,FR,,,
TFTL17,,,159979.6058,201430.8404,TL17,TF,FR,,,
TFTL18,,,159952.0124,201498.5697,TL18,TF,FR,,,
TFTL25,,,159934.453,201455.4236,TL25,TF,FR,,,
TFTL37,,,159819.0623,201552.2514,TL37,TF,FR,,,
TFTL47,,,159774.4112,201641.052,TL47,TF,FR,,,
TFTUBOGA,,,160940,203150,TUBOGA,TF,FR,,,
TFVS,,,161067.1,202867.9,VS,TF,FR,,,
TFVS10,,,161446.1575,202497.7705,VS10,TF,FR,,,
TFVS10A,,,161470,202510,VS10A,TF,FR,pm,,
TFVS111O,,,160600,204300,VS111O,TF,FR,pm,,
TFVS113B,,,160775,204260,VS113B,TF,FR,,,
TFVS113C,,,160780,204255,VS113C,TF,FR,,,
TFVS117A,,,160800,204200,VS117A,TF,FR,,,
TFVS16A,,,161210,203000,VS16A,TF,FR,,,
TFVS16B,,,161210,203000,VS16B,TF,FR,,,
TFVS196,,,161040.8431,203161.7527,VS196,TF,FR,,,
TFVS36,,,160840,203820,VS36,TF,FR,,,
TFVS38,,,160697.9984,203829.288,VS38,TF,FR,,,
TFVS46,,,160720,203960,VS46,TF,FR,pm,,
TFVS46A,,,160710,203960,VS46A,TF,FR,,,
TFVS46B,,,160700,203965,VS46B,TF,FR,pm,,
TFVSPT,,,161067.1,202867.9,VSPT,TF,FR,,,
TFZB50F,2014,,161870,203803,ZB50F,TF,FR,,,
TFZB67,,,161359.3748,203712.2587,ZB67,TF,FR,,,
TFZB67B,,,161370,203710,ZB67B,TF,FR,pm,,
TFZB67PO,,,161360,203720,ZB67PO,TF,FR,,,
TFZH57,,,159595.6533,202131.1286,ZH57,TF,FR,,,
TFZH73,,,159503.6555,202261.1801,ZH73,TF,FR,,,
TFZH76,,,159608.6166,202155.8008,ZH76,TF,FR,,,
TFZH76B,,,159600,202150,ZH76B,TF,FR,pm,,
TFZH90,,,159570,202260,ZH90,TF,FR,,,
TFZH90C,,,159550,202270,ZH90C,TF,FR,,,
TS1,2000,2004,158481.0281,218649.9782,1,TS,PB,,,
TS10,2000,2004,158577.9413,218624.4967,10,TS,PB,,,
TS11,2000,2004,158618.461,218614.4712,11,TS,PB,,,
TS12,2000,2004,158650.2085,218606.9521,12,TS,PB,,,
TS13,2000,2004,158644.3603,218569.7741,13,TS,PB,,,
TS14,2000,2004,158612.6128,218580.2174,14,TS,PB,,,
TS15,2000,2004,158572.9285,218594.0024,15,TS,PB,,,
TS16,2000,2004,158534.4974,218600.2684,16,TS,PB,,,
TS17,2000,2004,158532.4088,218553.065,17,TS,PB,,,
TS18,2000,2004,158565.8271,218545.9636,18,TS,PB,,,
TS19,2000,2004,158608.0178,218538.0267,19,TS,PB,,,
TS2,2000,2004,158475.5976,218608.2052,2,TS,PB,,,
TS20,2000,2004,158639.3475,218530.9253,20,TS,PB,,,
TS21,2000,2004,158632.2461,218481.6332,21,TS,PB,,,
TS22,2000,2004,158597.1568,218489.1524,22,TS,PB,,,
TS23,2000,2004,158559.9789,218489.1524,23,TS,PB,,,
TS24,2000,2004,158524.0542,218497.0892,24,TS,PB,,,
TS3,2000,2004,158471.0026,218564.3437,3,TS,PB,,,
TS4,2000,2004,158465.5721,218512.1275,4,TS,PB,,,
TS5,2000,2004,158502.3323,218501.2665,5,TS,PB,,,
TS6,2000,2004,158510.6869,218557.2423,6,TS,PB,,,
TS7,2000,2004,158515.2819,218601.1038,7,TS,PB,,,
TS8,2000,2004,158519.8769,218640.7881,8,TS,PB,,,
TS9,2000,2004,158538.6747,218633.6867,9,TS,PB,,,
TU000,2006,2010,160514.9745,203291.6915,000,TU,FR,,,
TU1,1996,,160683,203416,1,TU,FR,pm,51.14069277,4.521403448
TU10,1996,,160460,203385,10,TU,FR,pm,51.14041822,4.518216179
TU11,1996,,160483,203415,11,TU,FR,pc,51.14068746,4.518545685
TU12,1996,,160514,203449,12,TU,FR,pm,51.14099251,4.51898962
TU13,1996,,160476,203457,13,TU,FR,pm,51.14106511,4.518446878
TU14,1996,,160430,203462,14,TU,FR,pc,51.14111089,4.517789738
TU15,1996,,160394,203471,15,TU,FR,pm,51.14119243,4.5172756
TU16,1996,,160377,203453,16,TU,FR,pm,51.14103095,4.517032174
TU17,1996,,160371,203417,17,TU,FR,pc,51.14070746,4.516945411
TU18,1996,,160377,203383,18,TU,FR,pm,51.14040174,4.517030169
TU19,1996,,160410,203386,19,TU,FR,pm,51.14042811,4.517501779
TU2,1996,,160602,203447,2,TU,FR,pc,51.14097292,4.520246972
TU20,1996,,160420,203344,20,TU,FR,pc,51.14005041,4.517643457
TU21,1996,,160407,203325,21,TU,FR,pm,51.13987986,4.517457161
TU22,1996,,160424,203303,22,TU,FR,pc,51.1396818,4.517699431
TU23,1996,,160439,203283,23,TU,FR,pm,51.13950176,4.51791318
TU24,1996,,160462,203263,24,TU,FR,pm,51.13932157,4.518241234
TU25,1996,,160470,203238,25,TU,FR,pm,51.13909671,4.518354818
TU26,1996,,160446,203220,26,TU,FR,pm,51.13893535,4.518011382
TU27,1996,,160448,203192,27,TU,FR,pc,51.13868363,4.518039151
TU28,1996,,160447,203160,28,TU,FR,pm,51.13839601,4.518023941
TU29,1996,,160420,203131,29,TU,FR,pc,51.13813583,4.517637332
TU3,1996,,160574,203445,3,TU,FR,pm,51.14095545,4.519846829
TU30,1996,,160410,203169,30,TU,FR,pm,51.13847758,4.517495544
TU31,1996,,160395,203195,31,TU,FR,pm,51.13871156,4.51728197
TU32,1996,,160415,203219,32,TU,FR,pc,51.13892692,4.517568421
TU33,1996,,160386,203234,33,TU,FR,pm,51.13906228,4.517154496
TU34,1996,,160379,203262,34,TU,FR,pm,51.13931408,4.51705528
TU35,1996,,160363,203295,35,TU,FR,pc,51.139611,4.516827612
TU36,1996,,160401,203269,36,TU,FR,pm,51.13937661,4.517369823
TU37,1996,,160429,203253,37,TU,FR,pc,51.13923228,4.517769434
TU38,1996,,160461,203290,38,TU,FR,pc,51.13956428,4.518227725
TU39,1996,,160498,203250,39,TU,FR,pm,51.13920406,4.518755234
TU4,1996,,160563,203413,4,TU,FR,pm,51.14066802,4.51968872
TU40,1996,,160599.144,203296.464,40,TU,FR,pm,51.14066822,4.520203114
TU41,1996,,160563,203226,41,TU,FR,pc,51.13898715,4.519683269
TU42,1996,,160581,203180,42,TU,FR,pm,51.13857334,4.519939112
TU43,1996,,160592,203156,43,TU,FR,pm,51.13835741,4.520095579
TU44,1996,,160617,203179,44,TU,FR,pc,51.13856369,4.520453451
TU45,1996,,160593,203129,45,TU,FR,pm,51.1381147,4.520109077
TU46,1996,,160596,203095,46,TU,FR,pm,51.13780903,4.520150947
TU47,1996,,160616,203068,47,TU,FR,pc,51.13756597,4.520435912
TU48,1996,,160631,203058,48,TU,FR,pm,51.13747581,4.520649934
TU49,1996,,160660,203078,49,TU,FR,pm,51.13765505,4.521064865
TU5,1996,,160525,203374,5,TU,FR,pc,51.14031816,4.519144618
TU50,1996,,160699,203085,50,TU,FR,pc,51.13771724,4.521622294
TU51,1996,,160739,203091,51,TU,FR,pm,51.13777043,4.522193982
TU52,1996,,160776,203099,52,TU,FR,pc,51.13784165,4.522722867
TU53,1996,2009,160805,203096,53,TU,FR,pm,51.13781414,4.523137124
TU54,1996,,160750,203144,54,TU,FR,pm,51.13824662,4.522352719
TU55,1996,,160740,203178,55,TU,FR,pc,51.13855242,4.522210848
TU56,1996,,160700,203156,56,TU,FR,pm,51.13835542,4.521638678
TU57,1996,,160712,203123,57,TU,FR,pm,51.13805857,4.521809158
TU58,1996,,160669,203121,58,TU,FR,pc,51.13804139,4.521194721
TU59,1996,,160641,203143,59,TU,FR,pm,51.13823966,4.520795307
TU6,1996,,160515,203343,6,TU,FR,pm,51.1400397,4.519000833
TU60,1996,,160654,203187,60,TU,FR,pm,51.13863492,4.520982343
TU61,1996,,160674,203187,61,TU,FR,pc,51.13863455,4.521268104
TU62,1996,,160714,203209,62,TU,FR,pm,51.13883155,4.521840276
TU63,1996,2009,160746,203219,63,TU,FR,pm,51.13892084,4.522297792
TU64,1996,,160702,203248,64,TU,FR,pm,51.13918233,4.521669971
TU65,1996,,160662,203232,65,TU,FR,pm,51.13903926,4.521097972
TU66,1996,,160688,203281,66,TU,FR,pc,51.13947922,4.521470909
TU67,1996,,160653,203303,67,TU,FR,pm,51.13967762,4.520971465
TU68,1996,,160616,203313,68,TU,FR,pc,51.13976818,4.520443089
TU69,1996,,160649,203337,69,TU,FR,pm,51.1399833,4.520915311
TU7,1996,,160496,203317,7,TU,FR,pm,51.13980634,4.518728599
TU70,1996,,160666,203361,70,TU,FR,pm,51.14019871,4.521158921
TU71,1996,2009,160690,203373,71,TU,FR,pc,51.14030613,4.5215022
TU8,1996,,160455,203320,8,TU,FR,pm,51.13983405,4.518142861
TU9,1996,,160444,203355,9,TU,FR,pm,51.14014885,4.517986697
TUF_J2,2012,,160419,203124,F_J2,TU,FR,FPT,,
VS1,1993,,161220,202929,1,VS,FR,pm,51.13630511,4.529061384
VS10,1993,,161323,202894,10,VS,FR,pm,51.13598849,4.530531885
VS11,1993,,161294,202881,11,VS,FR,pc,51.13587221,4.530117151
VS12,1993,,161262,202889,12,VS,FR,pm,51.13594474,4.529660209
VS2,1993,,161225,202880,2,VS,FR,pm,51.13586457,4.529131304
VS3,1993,,161240,202911,3,VS,FR,pc,51.13614292,4.529346573
VS4,1993,,161254,202932,4,VS,FR,pm,51.13633141,4.529547246
VS5,1993,,161273,202940,5,VS,FR,pm,51.13640295,4.529818955
VS6,1993,,161285,202966,6,VS,FR,pc,51.13663642,4.529991212
VS7,1993,,161304,202986,7,VS,FR,pm,51.13681582,4.530263297
VS8,1993,,161248,202958,8,VS,FR,pm,51.13656523,4.529462329
VS9,1993,,161322,202921,9,VS,FR,pc,51.1362312,4.530518441
VSCB1,,,161243.029,202902.968,CB1,VS,FR,cb,51.13623364,4.529389748
VSF1,,,161227.406,202928.4221,F1,VS,FR,,,
VSPMO2,,,161250,202868,PMO2,VS,FR,,,
VSPMO7,,,161304,202986,PMO7,VS,FR,,,
ZN1,1993,,161642,203810,1,ZN,FR,pm,51.14421571,4.535118933
ZN10,1993,,161654,203751,10,ZN,FR,pm,51.14368514,4.535288512
ZN11,1993,,161645,203835,11,ZN,FR,pc,51.14444036,4.535162606
ZN12,1993,,161621,203834,12,ZN,FR,pm,51.14443186,4.534819618
ZN13,1993,,161596,203840,13,ZN,FR,pm,51.1444863,4.534462565
ZN14,1993,,161598,203880,14,ZN,FR,pc,51.1448458,4.534492425
ZN15,1993,2002,161614,203873,15,ZN,FR,pm,,
ZN16,1993,,161632,203884,16,ZN,FR,pm,51.14488107,4.534978411
ZN17,1993,1995,161649,203889,17,ZN,FR,pc,,
ZN18,1993,,161644,203857,18,ZN,FR,pm,51.14463813,4.535149023
ZN2,1993,,161619,203805,2,ZN,FR,pc,51.14417123,4.534790109
ZN3,1993,,161597,203816,3,ZN,FR,pm,51.14427055,4.534476087
ZN4,1993,,161569,203816,4,ZN,FR,pm,51.14427111,4.534075973
ZN5,1993,,161551,203801,5,ZN,FR,pc,51.14413664,4.53381828
ZN6,1993,,161551,203774,6,ZN,FR,pm,51.14389395,4.533817419
ZN7,1993,1995,161569,203842,7,ZN,FR,pm,,
ZN8,1993,,161592,203761,8,ZN,FR,pc,51.14377628,4.534402878
ZN9,1993,,161618,203752,9,ZN,FR,pm,51.14369486,4.53477412
ZNTF24,1995,,161550,203905,TF24,ZN,FR,pm,51.14507148,4.533807305
ZNTF25,1995,,161575,203905,TF25,ZN,FR,pc,51.14507098,4.534164555
ZNTF28,1995,,161630,203985,TF28,ZN,FR,pc,51.14578896,4.534953073
ZNTF29,1995,,161575,203950,TF29,ZN,FR,pm,51.14547546,4.534165992
ZNTF30,1995,,161635,203960,TF30,ZN,FR,pm,51.14556414,4.535023721
ZNTF31,1995,,161530,203970,TF31,ZN,FR,pm,51.14565614,4.533523573
ZNTF32,1995,,161530,203930,TF32,ZN,FR,pc,51.14529659,4.5335223
ZNTF37,1995,,161625,203903,TF37,ZN,FR,pm,51.14505199,4.534878991
ZNTF38,1995,,161590,203915,TF38,ZN,FR,pc,51.14516056,4.534379225
ZW1,1993,,161405,203870,1,ZW,FR,pm,51.14475976,4.531734152
ZW2,1993,1995,161407,203886,2,ZW,FR,pc,,
ZW3,1993,,161405,203907,3,ZW,FR,pm,51.14509234,4.531735317
ZW4,1993,1995,161397,203928,4,ZW,FR,pm,,
ZW5,1993,,161399,203954,5,ZW,FR,pc,51.14551493,4.531651055
ZW6,1993,,161413,203975,6,ZW,FR,pm,51.14570341,4.531851779
ZWPL5,,,161409,203910,PL5,ZW,FR,,,
ZZ1,1993,,161670,203546,1,ZZ,FR,pm,51.14184215,4.535510544
ZZ10,1993,,161626,203348,10,ZZ,FR,pm,51.14006329,4.534875476
ZZ11,1993,,161608,203338,11,ZZ,FR,pc,51.13997377,4.534617963
ZZ12,1993,,161590,203329,12,ZZ,FR,pm,51.13989324,4.534360483
ZZ13,1993,,161582,203368,13,ZZ,FR,pm,51.14024395,4.534247422
ZZ14,1993,,161606,203393,14,ZZ,FR,pc,51.14046819,4.534591147
ZZ15,1993,,161578,203401,15,ZZ,FR,pm,51.14054066,4.534191322
ZZ16,1993,,161539,203414,16,ZZ,FR,pm,51.14065829,4.53363448
ZZ17,1993,,161527,203387,17,ZZ,FR,pc,51.14041584,4.533462158
ZZ18,1993,,161491,203374,18,ZZ,FR,pc,51.14029971,4.532947356
ZZ19,1993,,161478,203363,19,ZZ,FR,pm,51.14020109,4.532761257
ZZ2,1993,,161668,203532,2,ZZ,FR,pc,51.14171635,4.535481515
ZZ20,1993,,161511,203364,20,ZZ,FR,pm,51.14020942,4.53323281
ZZ21,1993,,161518,203342,21,ZZ,FR,pm,51.14001153,4.53333213
ZZ22,1993,,161554,203314,22,ZZ,FR,pm,51.13975913,4.533845622
ZZ23,1993,,161525,203305,23,ZZ,FR,pc,51.13967881,4.533430973
ZZ24,1993,,161502,203298,24,ZZ,FR,pm,51.13961635,4.533102118
ZZ25,1993,,161482,203299,25,ZZ,FR,pm,51.13962574,4.532816383
ZZ26,1993,,161445,203295,26,ZZ,FR,pc,51.13959052,4.532287589
ZZ27,1993,,161431,203338,27,ZZ,FR,pm,51.13997731,4.532088908
ZZ28,1993,,161449,203361,28,ZZ,FR,pm,51.14018369,4.532346827
ZZ29,1993,,161418,203369,29,ZZ,FR,pc,51.14025621,4.531904135
ZZ3,1993,,161688,203530,3,ZZ,FR,pm,51.14169797,4.53576723
ZZ30,1993,,161411,203394,30,ZZ,FR,pm,51.14048107,4.531804903
ZZ31,1993,,161387,203416,31,ZZ,FR,pm,51.14067929,4.531462668
ZZ32,1993,,161378,203435,32,ZZ,FR,pc,51.14085025,4.531334666
ZZ33,1993,,161376,203468,33,ZZ,FR,pm,51.14114692,4.531307125
ZZ34,1993,,161372,203482,34,ZZ,FR,pm,51.14127284,4.531250409
ZZ35,1993,,161351,203490,35,ZZ,FR,pc,51.14134516,4.530950594
ZZ36,1993,,161328,203495,36,ZZ,FR,pm,51.14139056,4.530622106
ZZ37,1993,,161311,203470,37,ZZ,FR,pm,51.14116617,4.530378415
ZZ38,1993,,161292,203476,38,ZZ,FR,pc,51.14122048,4.530107114
ZZ39,1993,,161280,203445,39,ZZ,FR,pm,51.14094207,4.529934683
ZZ4,1993,,161670,203493,4,ZZ,FR,pm,51.14136575,4.535508837
ZZ40,1993,,161320,203432,40,ZZ,FR,pm,51.14082443,4.530505827
ZZ41,1993,,161306,203405,41,ZZ,FR,pc,51.14058201,4.530304943
ZZ42,1993,,161325,203392,42,ZZ,FR,pm,51.14046479,4.530576021
ZZ43,1993,,161349,203420,43,ZZ,FR,pm,51.140716,4.530919824
ZZ44,1993,,161365,203400,44,ZZ,FR,pc,51.14053591,4.531147815
ZZ45,1993,,161391,203486,45,ZZ,FR,pm,51.14130842,4.531522022
ZZ46,1993,,161383,203522,46,ZZ,FR,pm,51.14163216,4.531408842
ZZ47,1993,,161398,203536,47,ZZ,FR,pc,51.14175771,4.531623617
ZZ48,1993,,161406,203561,48,ZZ,FR,pm,51.14198227,4.531738716
ZZ49,1993,,161434,203570,49,ZZ,FR,pm,51.14206261,4.532139093
ZZ5,1993,,161674,203463,5,ZZ,FR,pc,51.14109602,4.535565027
ZZ50,1993,,161429,203550,50,ZZ,FR,pc,51.14188294,4.532067017
ZZ51,1993,,161434,203527,51,ZZ,FR,pm,51.1416761,4.532137737
ZZ52,1993,,161416,203510,52,ZZ,FR,pm,51.14152365,4.53188
ZZ53,1993,,161416,203465,53,ZZ,FR,pc,51.14111916,4.531878582
ZZ54,1993,,161448,203492,54,ZZ,FR,pm,51.14136122,4.532336677
ZZ55,1993,,161458,203518,55,ZZ,FR,pc,51.14159472,4.532480387
ZZ56,1993,,161513,203539,56,ZZ,FR,pm,51.14178239,4.533266946
ZZ57,1993,,161489,203512,57,ZZ,FR,pm,51.14154018,4.532923154
ZZ58,1993,,161476,203480,58,ZZ,FR,pc,51.1412528,4.532736385
ZZ59,1993,,161440,203451,59,ZZ,FR,pm,51.14099284,4.532221071
ZZ6,1993,,161676,203437,6,ZZ,FR,pm,51.14086227,4.535592766
ZZ60,1993,,161491,203432,60,ZZ,FR,pm,51.14082105,4.532949195
ZZ61,1993,,161517,203430,61,ZZ,FR,pm,51.14080255,4.533320638
ZZ62,1993,,161520,203478,62,ZZ,FR,pc,51.14123394,4.53336503
ZZ63,1993,,161527,203505,63,ZZ,FR,pm,51.1414765,4.533465911
ZZ64,1993,,161537,203530,64,ZZ,FR,pm,51.14170101,4.533609596
ZZ65,1993,,161557,203527,65,ZZ,FR,pc,51.14167364,4.533895279
ZZ66,1993,,161572,203519,66,ZZ,FR,pm,51.14160143,4.534109358
ZZ67,1993,,161573,203492,67,ZZ,FR,pm,51.14135872,4.534122785
ZZ68,1993,,161566,203467,68,ZZ,FR,pc,51.14113415,4.534021965
ZZ69,1993,,161557,203441,69,ZZ,FR,pm,51.14090062,4.533892537
ZZ7,1993,,161673,203413,7,ZZ,FR,pm,51.1406466,4.535549127
ZZ70,1993,,161557,203417,70,ZZ,FR,pc,51.1406849,4.533891772
ZZ71,1993,,161588,203418,71,ZZ,FR,pm,51.14069326,4.534334752
ZZ72,1993,,161620,203426,72,ZZ,FR,pm,51.14076453,4.534792246
ZZ73,1993,,161650,203444,73,ZZ,FR,pm,51.14092572,4.535221485
ZZ74,1993,,161658,203480,74,ZZ,FR,pc,51.14124915,4.535336953
ZZ75,1993,,161612,203499,75,ZZ,FR,pm,51.14142086,4.534680275
ZZ76,1993,,161585,203512,76,ZZ,FR,pm,51.14153825,4.534294891
ZZ77,1993,,161586,203536,77,ZZ,FR,pc,51.14175396,4.534309947
ZZ78,1993,,161593,203572,78,ZZ,FR,pm,51.14207741,4.534411122
ZZ79,1993,,161568,203577,79,ZZ,FR,pm,51.14212285,4.534054054
ZZ8,1993,,161683,203382,8,ZZ,FR,pc,51.14036776,4.535691015
ZZ80,1993,,161553,203557,80,ZZ,FR,pc,51.14194338,4.53383908
ZZ80BIS,,,161553,203557,80BIS,ZZ,FR,,,
ZZ81,1993,,161513,203566,81,ZZ,FR,pm,51.14202508,4.533267804
ZZ82,1993,,161519,203584,82,ZZ,FR,pm,51.14218676,4.533354111
ZZ83,1993,,161512,203602,83,ZZ,FR,pc,51.14234869,4.533254659
ZZ84,1993,,161485,203606,84,ZZ,FR,pm,51.14238518,4.532868978
ZZ85,1993,,161454,203610,85,ZZ,FR,pm,51.14242176,4.532426139
ZZ86,1993,,161471,203594,86,ZZ,FR,pc,51.1422776,4.532668549
ZZ87,1993,,161463,203579,87,ZZ,FR,pm,51.14214293,4.532553762
ZZ88,1993,,161468,203551,88,ZZ,FR,pm,51.14189115,4.532624321
ZZ89,1993,,161409,203592,89,ZZ,FR,pc,51.14226085,4.531782559
ZZ9,1993,,161660,203364,9,ZZ,FR,pm,51.14020643,4.535361798
ZZ90,1993,,161397,203617,90,ZZ,FR,pm,51.14248581,4.531611876
ZZ91,1993,,161420,203629,91,ZZ,FR,pm,51.14259321,4.531940906
ZZ92,1993,,161447,203626,92,ZZ,FR,pc,51.14256571,4.532326621
ZZ93,1993,,161537,203586,93,ZZ,FR,pm,51.14220437,4.533611378
ZZ94,1993,,161613,203556,94,ZZ,FR,pm,51.14193319,4.534696391
ZZ95,1993,,161636,203542,95,ZZ,FR,pc,51.14180688,4.535024589
ZZ96,1993,,161652,203520,96,ZZ,FR,pm,51.14160881,4.535252506
ZZCB5,,,161499.806,203515.244,CB5,ZZ,FR,cb,51.14161717,4.533066316
ZZF1,,,161674.1607,203533.1204,F1,ZZ,FR,,,
ZZF2,,,161434.989,203472.1993,F2,ZZ,FR,,,
